feature,weight
suites,0.2595211535005
elegancia,0.05927218988151658
suite,0.05546102684972575
master,0.038751098114915734
endereco,0.023682247183661208
conversar,0.02149247859575709
fachadas,0.018462339728595924
vagas,0.018425085222699512
lavabo,0.01780569050538508
bem,0.017615084656762054
privilegiado,0.017476734505908115
unico,0.015364850415233063
proporcionam,0.014962010358429482
dependencia,0.014860107950695957
apartamento,0.01383678349243027
lareira,0.01362125630448761
empreendimento,0.013024614174690934
piscina,0.012290412760256626
sofisticacao,0.011722612441628888
cozinha,0.011421375889398594
cm,0.009838211816518541
voce,0.007678766083923801
luxo,0.007631725222042257
dormitorios,0.007576450489357775
maior,0.007371212803309403
acabamentos,0.00729735646873609
plena,0.0069324220100663025
sauna,0.006469711969737836
privativo,0.006340859367206398
vista,0.006247820851736051
terreno,0.006161154888187709
25,0.0059736605835496595
verdadeiro,0.0059163446578200385
padrao,0.00566901585373659
requintado,0.005522620512311141
traz,0.004822243096225445
sacada,0.00474930626710736
cada,0.00458694841534329
bela,0.0045221066343134235
blindada,0.004521484941913641
moinhos,0.004380993957212738
belissimo,0.004263879864281966
churrasqueira,0.003957381050419651
mao,0.0037345908873910685
hidro,0.0035159213273548606
internacional,0.003476596946147844
uniao,0.0033227028370828755
fazem,0.0032747879146065887
vinte,0.00326213602228304
regiao,0.003207814933341856
gerador,0.0031432569012285424
closet,0.0030992852094602757
vento,0.0030478211106008857
cadastre,0.002950193218209154
empregada,0.002806785485613753
apartamentos,0.0024892793296647257
intimo,0.0022636502959380595
contemporaneo,0.0022540026691908145
ventiladas,0.002241862167982663
ambientes,0.0021955919029666344
fitness,0.0021952865279105988
familia,0.0021500126777860926
completa,0.002149409524041094
onde,0.002118288940216377
condominio,0.0021067054289459447
abrir,0.0020732169753001546
metros,0.0020185525610847367
deposito,0.0019721685553868527
infraestrutura,0.0018997933405602398
varanda,0.0018573927166180505
gabinete,0.0018463340282586478
vao,0.0018350074572998744
garagem,0.001819670319323875
conta,0.0017303523108935371
espaco,0.001705862275040796
privativos,0.0016530751408749802
bairro,0.0016398127898671238
alto,0.001599144250339488
nobres,0.0015841677597190618
dormitorio,0.001559051016709556
area,0.0015033654011214934
gourmet,0.0014941692193486227
carros,0.0014245407001927137
living,0.0014134166289149137
anchieta,0.001404485748131323
arquitetura,0.00136714916133048
projeto,0.0012873437894826863
sofisticado,0.0012788178077109164
spa,0.001255526656188167
garden,0.0012543947370093806
02,0.0012514208720226182
hall,0.0012462516542026303
americana,0.0012354334954726366
lugar,0.001230580419040011
jantar,0.001225897253241275
proximo,0.0011965361301702797
viver,0.0011782201330704253
amigos,0.001157410337738641
vida,0.0011404109989009035
sobre,0.0011005748141807118
auxiliar,0.0010932228560262118
kids,0.0010781129945896934
salao,0.001074297090320998
encol,0.0010636659952231442
portaria,0.0009926396620463685
raia,0.0009873746593437832
individuais,0.0009787607859828883
sao,0.0009731229042066318
coracao,0.0009609755077076304
detalhes,0.0009304789751979868
moderna,0.0008824605601246301
dupla,0.0008762962732045359
experiencia,0.0008749090289387216
serem,0.0008293157093767843
exclusivo,0.0008175980987208521
tambem,0.0007937360869484468
servico,0.0007780710638710247
20,0.0007778193582618292
sendo,0.0007770883529576683
possuem,0.0007062613934867082
sala,0.0007034228087177504
quadra,0.000690729602384793
sacadao,0.0006865346536956442
conforto,0.0006853806849823228
predio,0.0006807845557346519
vaga,0.0006754167271447378
lavanderia,0.0006739858168275207
sociais,0.0006690415619954786
convivencia,0.0006667837886345622
amplo,0.0006602775167330123
coberturas,0.000659293179597751
estar,0.0006545077460233461
contato,0.000646123223562756
terraco,0.00064586783936538
shopping,0.0006369109005408512
detalhe,0.0006334017349901776
magnifica,0.0006302960264337609
tudo,0.0006253858122889813
ampla,0.0006030179396611293
encantador,0.0005943068998850805
pecanha,0.0005938068620805143
adega,0.0005866219154035241
qualidade,0.0005859493399912216
carlos,0.000585157305314541
finamente,0.0005709492148541334
momentos,0.000555461521446629
churrasco,0.0005545779303392354
momento,0.0005492417037910561
anos,0.0005458711987453084
fachada,0.0005396049822157231
duas,0.0005032430453263345
guarita,0.00048823674521984896
duplex,0.0004843447631837116
seguranca,0.00047569680652111726
playground,0.0004742314444935188
hidromassagem,0.0004422364619078816
copa,0.0004379263827563652
lado,0.00043445575852737225
pagamento,0.00043137968075131113
festas,0.0004301127040495201
anuncio,0.0004270420534282186
edificio,0.00042284186866194725
figueiras,0.00042120281293817454
mont,0.0004206261859929215
requinte,0.000419917961542022
andar,0.0004198575562648065
imponente,0.0004171931449481048
guaiba,0.0004004346601593621
ilha,0.00039963896888904913
massagem,0.0003938733482756897
decorado,0.000383741070284979
onibus,0.00037846264540937615
banheiro,0.0003775434877429413
centros,0.00037519661446741017
03,0.00037138710236427514
ter,0.00036890689538845176
compras,0.00036559357754259117
torre,0.00034746190987760775
termica,0.00034286895609282814
distribuido,0.0003420010264783871
aquecida,0.0003381809363722442
persianas,0.000326179902594004
tenis,0.00032540665401077445
bosque,0.00032263757613799454
granito,0.0003221760287927164
coberta,0.00032157046114605653
parcao,0.000320700897061755
charme,0.00031806572887149736
04,0.0003111733481755554
torres,0.0002997069221329591
frente,0.000297563296353039
cenario,0.0002963745707549805
jogos,0.000290682038025172
unica,0.0002892582511922416
tres,0.0002880472011277961
inovador,0.0002866039518690586
conforme,0.0002859775883771091
menos,0.00028478759259389414
tera,0.0002776635034570161
praticidade,0.0002742626046950234
caldeira,0.0002709117778965866
social,0.00026935627533731333
todos,0.0002681198050738266
aquecido,0.00026645097423047613
design,0.0002630738213325456
codificados,0.0002614327641048899
parte,0.00026113856365398124
necessarios,0.00025197234257968857
mobiliado,0.0002480384842985051
nobre,0.0002452644562777289
exclusividade,0.00024506443235808317
despensa,0.00024340417526453906
tradicional,0.0002411711512689448
contemporanea,0.00023992527696145845
estacionamento,0.00023887976886377362
altos,0.00023742687224634742
parques,0.00023525392360974618
interior,0.00023063135279120374
24,0.00022673885938182152
elevadores,0.00022028629129359334
banheiros,0.00021859007861243718
localizado,0.00021394518745148546
condominial,0.00021335765945829834
banheira,0.0002127176964622869
deus,0.00020953921756860852
valores,0.0002050704010136698
zelador,0.00020444532970142503
totalmente,0.00020110759790710174
cobertura,0.00020108469470916612
fim,0.00019938742628969805
piso,0.0001938236840113265
projetados,0.00019175082706478526
bicicletario,0.00019116397127997645
excelente,0.00019063852977228016
moradores,0.00019011058088609314
separada,0.0001874176866295183
pastilhas,0.0001866747712775262
estrutura,0.00018613946521497813
charmosa,0.00018585483101786176
privativa,0.00018406669624662953
alegre,0.00017656283549454923
elegante,0.00017590063463568414
visita,0.00017483187555127083
textura,0.0001742654114619291
salgado,0.00017131053189421036
charmoso,0.00017021006766861782
200,0.00016893348759723444
distribuidos,0.00016812579967555693
escritorio,0.0001679276617884163
intima,0.00016268295867912758
aquecimento,0.00016184691566088814
localizacao,0.00016043617709365638
ate,0.00015949160747613585
convivio,0.00015541528088387557
natureza,0.00015132117719806126
horas,0.0001492760430048222
tv,0.00014795542572403555
solar,0.0001466499035765861
gas,0.00014386140176845836
rio,0.00014341004614693595
alta,0.00014279063843084354
marmore,0.00014143845484946294
lazer,0.00014128588691680083
espacos,0.00013848156278058716
gardens,0.0001381203683106284
entradas,0.00013603928815239213
permitindo,0.0001326737868663518
feito,0.00013231229821931135
maiojama,0.00013096629098198722
diferencial,0.0001307390804261508
petropolis,0.00013058306209874534
sacadas,0.00013000787167241932
vidros,0.0001240832194785559
elevador,0.000123137427788953
moderno,0.00012203981323200703
quatro,0.00011985771761268787
medidores,0.00011979932483662943
churrasqueiras,0.0001163435909167439
casa,0.00011557864527544648
condicoes,0.0001144391269802692
jacuzzi,0.00011239047503398308
tecnologia,0.00011215017772198874
porto,0.00011115408999937048
agende,0.00011066225616126968
escrituradas,0.00010853427675305022
aqui,0.00010646330721367334
corretor,0.00010434439368327546
referencia,0.00010157283592518999
forma,0.00010127099786743114
filho,0.00010105474334589921
todas,0.00010102268904126785
whatsapp,0.00010028828832873399
espera,9.94249363296297e-05
cobertas,9.918488783096148e-05
enorme,9.912015512639459e-05
arejados,9.818871350480982e-05
especiais,9.72229081510364e-05
dois,9.71956459085864e-05
molhado,9.359580370912654e-05
fgts,9.338277551287849e-05
29,9.285045521024376e-05
desfrutar,9.259694879741732e-05
estoque,9.232253931587897e-05
financiamento,9.100778770615596e-05
unidades,8.871259062153749e-05
dacao,8.841104674086036e-05
nesse,8.675070029446434e-05
14,8.642369222564965e-05
tranquilidade,8.492896472693293e-05
lobby,8.467151029271095e-05
passos,8.451251445334771e-05
maravilhoso,8.371065783625235e-05
coletiva,8.232685021858885e-05
praca,8.159983967423829e-05
apenas,8.155788507361435e-05
iguatemi,8.081341910597666e-05
estilo,8.054560249025065e-05
duplo,8.049261762372219e-05
estao,7.978083005602002e-05
deslumbrante,7.96417200375161e-05
especial,7.962871576091379e-05
pele,7.900372417890611e-05
fechada,7.867751203780313e-05
nativa,7.696086504674282e-05
79,7.560080466780078e-05
residenciais,7.536789340001195e-05
garagens,7.511262055003605e-05
la,7.442684016087926e-05
planta,7.336048123153441e-05
rotativa,7.19220570268005e-05
cinema,7.087507804370717e-05
transporte,7.003714486898484e-05
miolo,6.944009323644248e-05
cyrela,6.913758297030537e-05
salas,6.835905157153853e-05
valor,6.648194197968427e-05
especialistas,6.442204806996752e-05
surpreenda,6.379332841204595e-05
oportunidades,6.351573521966076e-05
interna,6.285823294614732e-05
esperas,6.283679650964241e-05
diferentes,6.266785913450879e-05
entrada,6.238888303490778e-05
clubes,6.183516753554594e-05
informacoes,6.162683792464956e-05
57,6.112442883285938e-05
revestido,6.0497511353228045e-05
centro,6.020259195552622e-05
simples,5.924413003152125e-05
independentes,5.803874631254662e-05
nilo,5.8023641556594596e-05
possui,5.5955403465167914e-05
redencao,5.515446924443619e-05
vinilico,5.4974625322731454e-05
climatizado,5.41776762391953e-05
residence,5.4026608059786144e-05
possibilidades,5.385976841468372e-05
campo,5.247936032937092e-05
caracteristicas,5.222555973946278e-05
familias,5.21466872897446e-05
disso,5.1745297783015084e-05
pe,5.10089697981983e-05
esquadrias,4.995309951900945e-05
desempenho,4.848392418662292e-05
dependencias,4.8369690002093125e-05
todo,4.8275802149274834e-05
menino,4.646254273074235e-05
casal,4.578310089543473e-05
baltazar,4.559016609359429e-05
total,4.555152854576542e-05
higienopolis,4.410236412823088e-05
conhecer,4.385711804289951e-05
comuns,4.349172261424133e-05
definida,4.330210211587744e-05
atendimento,4.284818962813091e-05
plantas,4.106979019378003e-05
unidade,3.9351383638866555e-05
europa,3.874094969842531e-05
tendencia,3.870088662894352e-05
pessoas,3.815799519659718e-05
escolha,3.720028933518537e-05
precisa,3.686891672321928e-05
infra,3.641257108858205e-05
possibilidade,3.635388001146412e-05
rua,3.509718988491783e-05
sujeitos,3.474928562068753e-05
acesso,3.3480596093458195e-05
adulto,3.160336140761125e-05
completas,3.138328395867646e-05
controle,3.1216235365366466e-05
futebol,3.1077752191485226e-05
construtora,3.09736300004741e-05
aptos,3.080469262534048e-05
pensado,3.0331356202246103e-05
aberto,3.0036018908129157e-05
decoracao,2.8596167807083057e-05
impar,2.8342614655841772e-05
adulta,2.8280150139054364e-05
arquitetonico,2.7718170188219685e-05
linda,2.7289218763321435e-05
abertura,2.7246134192785542e-05
aberta,2.6423092701829897e-05
cidade,2.5801584506387782e-05
consulte,2.574318898101082e-05
bar,2.572632466120563e-05
amplos,2.5028297432698938e-05
more,2.4793117977130643e-05
localiza,2.4524209881951958e-05
importantes,2.4414841991203583e-05
avenidas,2.4402131891682974e-05
estuda,2.3987652879477016e-05
projetado,2.3853953519821572e-05
portas,2.341463991341928e-05
valorizada,2.308704211578194e-05
pvc,2.3045301962002607e-05
iluminados,2.2637116139890237e-05
mall,2.250119395621091e-05
morar,2.2223350575840368e-05
quiosque,2.2030501002874065e-05
presente,2.188459329432802e-05
pequena,2.1769186525449204e-05
central,2.1224532779931174e-05
diferenciado,2.1097629735658586e-05
cavalhada,2.1049134506274206e-05
uniritter,2.077808744128652e-05
energia,2.0405895697245488e-05
mezanino,2.0312093073301332e-05
ipa,2.013551946597682e-05
pastilha,1.9948417343377775e-05
harmonia,1.9844167309055443e-05
05,1.916384431716198e-05
licenciada,1.8612898756209623e-05
parque,1.8590622402896684e-05
abreu,1.8385438012387832e-05
dispensa,1.8349989674042828e-05
automoveis,1.7842127308967103e-05
licenciado,1.7476983442953558e-05
zaffari,1.7460832571304456e-05
proporcionando,1.7374119065165598e-05
montada,1.6793346147583548e-05
classico,1.6616688686044154e-05
fapa,1.6590427195535645e-05
coifa,1.6400219717667616e-05
muitos,1.5482997571471235e-05
doutor,0.0
diferenciais,0.0
225,0.0
doroteia,0.0
diferenciados,0.0
durante,0.0
dias,0.0
durabilidade,0.0
diferenciada,0.0
dr,0.0
diferenciadas,0.0
duplos,0.0
182,0.0
duplas,0.0
dorneles,0.0
220,0.0
19,0.0
201,0.0
duque,0.0
2021,0.0
2015,0.0
2019,0.0
diversos,0.0
dispoe,0.0
diversificado,0.0
disponibilidade,0.0
disponibilizar,0.0
disponiveis,0.0
diversas,0.0
diurno,0.0
2020,0.0
2016,0.0
disponivel,0.0
disposicao,0.0
distancia,0.0
distintos,0.0
distribuidas,0.0
distribuicao,0.0
2022,0.0
diaristas,0.0
direto,0.0
diretamente,0.0
21,0.0
dividido,0.0
dorm,0.0
22,0.0
dona,0.0
diferencias,0.0
215,0.0
diferente,0.0
domingos,0.0
dom,0.0
dohms,0.0
documentacao,0.0
divisoria,0.0
digital,0.0
divisa,0.0
divididos,0.0
direito,0.0
direta,0.0
2018,0.0
distribuida,0.0
agendamos,0.0
diariamente,0.0
criando,0.0
creche,0.0
35,0.0
creches,0.0
credenciada,0.0
credenciado,0.0
34,0.0
credenciados,0.0
crescimento,0.0
criado,0.0
criancas,0.0
33,0.0
criar,0.0
dia,0.0
cristal,0.0
cristiano,0.0
cristo,0.0
cristovao,0.0
cruzada,0.0
cuba,0.0
cuidado,0.0
cultura,0.0
curta,0.0
curtas,0.0
curtir,0.0
36,0.0
coworking,0.0
country,0.0
360,0.0
converse,0.0
convida,0.0
41,0.0
400,0.0
cook,0.0
cooktop,0.0
40,0.0
cor,0.0
39,0.0
coronel,0.0
corredor,0.0
corredores,0.0
correr,0.0
38,0.0
corretora,0.0
corretoras,0.0
corretores,0.0
cortina,0.0
37,0.0
cortinas,0.0
cosmopolita,0.0
costa,0.0
cotidiano,0.0
custo,0.0
dando,0.0
decimo,0.0
descritivo,0.0
deseja,0.0
desenvolvido,0.0
desenvolvimento,0.0
desfrute,0.0
30,0.0
deslocamento,0.0
dutra,0.0
280,0.0
desocupado,0.0
28,0.0
27,0.0
dessa,0.0
desse,0.0
desta,0.0
destaca,0.0
destaque,0.0
deste,0.0
26,0.0
250,0.0
23,0.0
devido,0.0
dez,0.0
dezembro,0.0
desde,0.0
descoberto,0.0
32,0.0
descoberta,0.0
deck,0.0
decorada,0.0
decoradas,0.0
311,0.0
decorados,0.0
definidos,0.0
definitiva,0.0
deg,0.0
degandar,0.0
deixe,0.0
31,0.0
demais,0.0
demetrio,0.0
denominado,0.0
dentro,0.0
dep,0.0
304,0.0
303,0.0
depositos,0.0
depurador,0.0
deques,0.0
300,0.0
descanso,0.0
deslocando,0.0
embutidos,0.0
duvidas,0.0
110,0.0
externos,0.0
extra,0.0
extremamente,0.0
113,0.0
exuberante,0.0
faca,0.0
112,0.0
111,0.0
facil,0.0
facilidade,0.0
facilidades,0.0
facilitado,0.0
facilmente,0.0
11,0.0
estendida,0.0
faculdade,0.0
109,0.0
faculdades,0.0
falar,0.0
108,0.0
fale,0.0
falta,0.0
107,0.0
106,0.0
familiar,0.0
105,0.0
fantastica,0.0
fantastico,0.0
externo,0.0
externas,0.0
externa,0.0
extensao,0.0
12,0.0
estrada,0.0
estrategica,0.0
estrategico,0.0
119,0.0
estudante,0.0
estudantes,0.0
estudo,0.0
estudos,0.0
etc,0.0
even,0.0
118,0.0
exatamente,0.0
exaustor,0.0
117,0.0
excelentes,0.0
excepcional,0.0
exceto,0.0
exclusiva,0.0
116,0.0
115,0.0
exemplo,0.0
existe,0.0
expansao,0.0
expectativa,0.0
114,0.0
extensa,0.0
farmacia,0.0
farmacias,0.0
farrapos,0.0
ficara,0.0
08,0.0
filhos,0.0
07,0.0
finais,0.0
final,0.0
06,0.0
financiado,0.0
fino,0.0
firenze,0.0
fischer,0.0
01,0.0
fixa,0.0
fixo,0.0
fixos,0.0
flat,0.0
florenca,0.0
floresta,0.0
flutuante,0.0
fluxo,0.0
000,0.0
focada,0.0
fogao,0.0
fogo,0.0
folego,0.0
fone,0.0
fones,0.0
fontoura,0.0
09,0.0
10,0.0
farroupilha,0.0
ficar,0.0
104,0.0
farto,0.0
fase,0.0
faz,0.0
103,0.0
fazendo,0.0
fazer,0.0
fechadas,0.0
fechado,0.0
fechadura,0.0
federal,0.0
feira,0.0
feiras,0.0
102,0.0
felipe,0.0
fernandes,0.0
fernando,0.0
101,0.0
ferragem,0.0
ferragens,0.0
ferramentaria,0.0
festa,0.0
100,0.0
fi,0.0
fica,0.0
ficam,0.0
ficando,0.0
estendido,0.0
estara,0.0
eclusa,0.0
encontra,0.0
emergencia,0.0
15,0.0
empreendimentos,0.0
emprega,0.0
147,0.0
empregados,0.0
144,0.0
encantadora,0.0
141,0.0
encantar,0.0
encante,0.0
140,0.0
encomendas,0.0
encontram,0.0
120,0.0
encontrar,0.0
encontrara,0.0
137,0.0
enfim,0.0
135,0.0
engenheiro,0.0
ensino,0.0
ensolarada,0.0
ensolaradas,0.0
ensolarado,0.0
ensolarados,0.0
entao,0.0
entorno,0.0
embutido,0.0
embutida,0.0
email,0.0
elias,0.0
180,0.0
ecologica,0.0
18,0.0
edificacao,0.0
179,0.0
170,0.0
educacao,0.0
eixo,0.0
17,0.0
168,0.0
elementos,0.0
160,0.0
eletrica,0.0
eletricas,0.0
eletrico,0.0
eletricos,0.0
eletrodomesticos,0.0
eletronica,0.0
eletronico,0.0
eletronicos,0.0
eletros,0.0
elevada,0.0
elevado,0.0
16,0.0
155,0.0
153,0.0
150,0.0
134,0.0
entrando,0.0
entrar,0.0
esef,0.0
124,0.0
espacosa,0.0
espacosas,0.0
espacoso,0.0
espacosos,0.0
especialista,0.0
espelho,0.0
123,0.0
122,0.0
espelhos,0.0
espetacular,0.0
espm,0.0
esporte,0.0
esportes,0.0
esportiva,0.0
esportivas,0.0
esquina,0.0
essenciais,0.0
essencial,0.0
estabelecimentos,0.0
estacao,0.0
121,0.0
estacionamentos,0.0
estacionar,0.0
estadio,0.0
estado,0.0
estante,0.0
125,0.0
escriturados,0.0
entrega,0.0
escriturado,0.0
entregue,0.0
entregues,0.0
envidracada,0.0
envidracado,0.0
envie,0.0
enxuto,0.0
equipada,0.0
133,0.0
equipadas,0.0
131,0.0
equipado,0.0
equipados,0.0
equipamentos,0.0
erico,0.0
130,0.0
ernesto,0.0
13,0.0
escada,0.0
escadas,0.0
escobar,0.0
escola,0.0
escolas,0.0
127,0.0
escritorios,0.0
escritura,0.0
escriturada,0.0
126,0.0
42,0.0
conservacao,0.0
conveniencias,0.0
bage,0.0
automatizadas,0.0
automatizado,0.0
automovel,0.0
autorizado,0.0
auxiliadora,0.0
academia,0.0
av,0.0
avalia,0.0
avaliacao,0.0
avenida,0.0
azenha,0.0
azulejos,0.0
baby,0.0
acabamento,0.0
botao,0.0
bairros,0.0
baixa,0.0
baixissimo,0.0
baixo,0.0
balcao,0.0
balcoes,0.0
bancada,0.0
bancadas,0.0
bancarias,0.0
bancario,0.0
banco,0.0
bancos,0.0
banhada,0.0
automatizada,0.0
automacao,0.0
academias,0.0
atualmente,0.0
arquiteta,0.0
arquiteto,0.0
arredores,0.0
arte,0.0
artes,0.0
arvores,0.0
ary,0.0
acessivel,0.0
acessibilidade,0.0
assembleia,0.0
assim,0.0
assis,0.0
assunto,0.0
acessar,0.0
atemporal,0.0
atende,0.0
atendemos,0.0
atendendo,0.0
atender,0.0
atendida,0.0
aceita,0.0
atividades,0.0
atras,0.0
atrativo,0.0
atraves,0.0
atual,0.0
atualizado,0.0
abrangente,0.0
aberturas,0.0
banho,0.0
biblioteca,0.0
96,0.0
bicicletas,0.0
big,0.0
bike,0.0
95,0.0
bistro,0.0
94,0.0
blindex,0.0
93,0.0
92,0.0
bloco,0.0
boa,0.0
bocas,0.0
bocha,0.0
boemio,0.0
bom,0.0
91,0.0
bonita,0.0
90,0.0
89,0.0
bonito,0.0
88,0.0
bons,0.0
borda,0.0
bordini,0.0
borges,0.0
bosco,0.0
bicicleta,0.0
berta,0.0
banhos,0.0
bernaud,0.0
barao,0.0
barbearia,0.0
barcelos,0.0
barcos,0.0
bares,0.0
barra,0.0
barranco,0.0
basta,0.0
bastante,0.0
abastecimento,0.0
batista,0.0
beauty,0.0
beira,0.0
abaixo,0.0
belas,0.0
beleza,0.0
belissima,0.0
99,0.0
98,0.0
belo,0.0
belos,0.0
97,0.0
beneficio,0.0
beneficios,0.0
benjamin,0.0
benno,0.0
bento,0.0
arquibancadas,0.0
armazenamento,0.0
armarios,0.0
alinhado,0.0
agencia,0.0
afonso,0.0
alteracao,0.0
alteracoes,0.0
aeroporto,0.0
aereo,0.0
adventista,0.0
alugado,0.0
alugar,0.0
aluguel,0.0
aluminio,0.0
alvenaria,0.0
alves,0.0
amazonas,0.0
ambas,0.0
ambiental,0.0
ambiente,0.0
adultos,0.0
ambos,0.0
americanas,0.0
americano,0.0
adquirir,0.0
administrativo,0.0
amplas,0.0
ampliada,0.0
amplitude,0.0
administrado,0.0
alma,0.0
alimentada,0.0
adicione,0.0
alguns,0.0
agendamento,0.0
agente,0.0
agility,0.0
agora,0.0
agradaveis,0.0
agradavel,0.0
agronomia,0.0
agua,0.0
aguardo,0.0
aguas,0.0
ainda,0.0
airbnb,0.0
aires,0.0
ajardinado,0.0
ajuda,0.0
agenda,0.0
alarme,0.0
alberto,0.0
alcance,0.0
agencias,0.0
alem,0.0
alencar,0.0
agenciadora,0.0
alfandega,0.0
alfredo,0.0
agenciador,0.0
algumas,0.0
administracao,0.0
adicionar,0.0
armario,0.0
apoio,0.0
apresenta,0.0
apresentacao,0.0
aproveitamento,0.0
aproveitamentos,0.0
aproveitar,0.0
aproveite,0.0
aproximadamente,0.0
apto,0.0
aquaticos,0.0
aquecedor,0.0
aconchegante,0.0
acolhedores,0.0
aco,0.0
acima,0.0
ar,0.0
aranha,0.0
arborizada,0.0
arborizadas,0.0
arborizado,0.0
acessos,0.0
areas,0.0
areia,0.0
arejada,0.0
arejadas,0.0
arejado,0.0
arena,0.0
ares,0.0
app,0.0
apena,0.0
adicionais,0.0
aparts,0.0
andares,0.0
andradas,0.0
andre,0.0
anexo,0.0
anhanguera,0.0
anita,0.0
ano,0.0
adequar,0.0
anti,0.0
adda,0.0
adaptacoes,0.0
acustico,0.0
antiga,0.0
antigas,0.0
antigo,0.0
antonio,0.0
anual,0.0
acustica,0.0
acrilico,0.0
acougue,0.0
ap,0.0
aparece,0.0
aparelho,0.0
aparelhos,0.0
aparicio,0.0
acorianos,0.0
acordo,0.0
botanico,0.0
boulevard,0.0
43,0.0
complexo,0.0
comercios,0.0
58,0.0
comigo,0.0
comodidade,0.0
comodidades,0.0
comodos,0.0
compartilhada,0.0
compartilhadas,0.0
complementares,0.0
56,0.0
completamente,0.0
completissima,0.0
completo,0.0
composta,0.0
bourbom,0.0
55,0.0
composto,0.0
54,0.0
compra,0.0
comprar,0.0
53,0.0
comprove,0.0
comum,0.0
comunitaria,0.0
comunitarias,0.0
concebido,0.0
conceicao,0.0
conceito,0.0
comercio,0.0
comercialmente,0.0
comercial,0.0
comerciais,0.0
closed,0.0
65,0.0
club,0.0
clube,0.0
64,0.0
63,0.0
62,0.0
coberto,0.0
cobertos,0.0
61,0.0
600,0.0
cochere,0.0
codificado,0.0
60,0.0
colegio,0.0
colegios,0.0
59,0.0
coletivas,0.0
coletivo,0.0
coletivos,0.0
colocar,0.0
colombo,0.0
combina,0.0
combinar,0.0
comeca,0.0
comecar,0.0
comendador,0.0
concierge,0.0
concreto,0.0
condicionado,0.0
constant,0.0
construida,0.0
construido,0.0
construtivo,0.0
construtivos,0.0
consultor,0.0
consumo,0.0
contando,0.0
contar,0.0
contara,0.0
contatar,0.0
contate,0.0
49,0.0
contatos,0.0
conte,0.0
48,0.0
47,0.0
contem,0.0
contempla,0.0
contemplacao,0.0
46,0.0
45,0.0
contendo,0.0
contra,0.0
convencao,0.0
conveniada,0.0
44,0.0
conveniencia,0.0
construcao,0.0
consta,0.0
condicionados,0.0
conservado,0.0
condominal,0.0
condominiais,0.0
52,0.0
51,0.0
condominios,0.0
condominos,0.0
conducao,0.0
conducoes,0.0
confeitarias,0.0
conferir,0.0
confira,0.0
confirmacao,0.0
50000,0.0
5000,0.0
500,0.0
confortaveis,0.0
confortavel,0.0
50,0.0
confraternizacao,0.0
conheca,0.0
conhece,0.0
conhecida,0.0
conhecido,0.0
conjugada,0.0
conjunto,0.0
conosco,0.0
agendar,0.0
clique,0.0
clinicas,0.0
clausuras,0.0
calcadas,0.0
calma,0.0
calmo,0.0
cama,0.0
camaqua,0.0
camareira,0.0
camera,0.0
cameras,0.0
caminhada,0.0
82,0.0
caminhadas,0.0
caminhar,0.0
caminho,0.0
campos,0.0
81,0.0
campus,0.0
cancha,0.0
canoas,0.0
canto,0.0
80,0.0
capital,0.0
capitolio,0.0
cardiologia,0.0
care,0.0
carrefour,0.0
carro,0.0
78,0.0
cartao,0.0
83,0.0
calcadao,0.0
777,0.0
caixa,0.0
bourbon,0.0
boutique,0.0
box,0.0
boxes,0.0
br,0.0
branco,0.0
brasil,0.0
brinquedoteca,0.0
btu,0.0
btus,0.0
busca,0.0
buscam,0.0
buscando,0.0
by,0.0
cabeceira,0.0
87,0.0
cabo,0.0
cabral,0.0
cachorrodromo,0.0
cacique,0.0
86,0.0
85,0.0
cadeiras,0.0
84,0.0
cafe,0.0
cafes,0.0
cafeteria,0.0
carvalho,0.0
casas,0.0
classe,0.0
71,0.0
forno,0.0
charmosos,0.0
chaves,0.0
chega,0.0
chegada,0.0
chegar,0.0
69,0.0
chegou,0.0
chimarrao,0.0
chimarrodromo,0.0
churrascaria,0.0
68,0.0
chuva,0.0
chuveiro,0.0
67,0.0
chuveiros,0.0
ciclovia,0.0
66,0.0
cidades,0.0
cinco,0.0
cinemas,0.0
cineminha,0.0
circuito,0.0
circulacao,0.0
circulando,0.0
claridade,0.0
claro,0.0
70,0.0
chao,0.0
casemiro,0.0
72,0.0
caso,0.0
cassol,0.0
castilhos,0.0
castro,0.0
catedral,0.0
caxias,0.0
cecilia,0.0
cedo,0.0
cel,0.0
celular,0.0
77,0.0
76,0.0
75,0.0
center,0.0
centerlar,0.0
centers,0.0
74,0.0
ceramica,0.0
ceramico,0.0
cerca,0.0
cercado,0.0
cete,0.0
cftv,0.0
chacara,0.0
chagas,0.0
73,0.0
chame,0.0
zuckhan,0.0
ideal,0.0
foro,0.0
redario,0.0
reforma,0.0
referente,0.0
redor,0.0
redonda,0.0
redentor,0.0
rede,0.0
recursos,0.0
reformadas,0.0
recuo,0.0
recuado,0.0
recepcao,0.0
recentemente,0.0
recem,0.0
recebimento,0.0
reformada,0.0
reformado,0.0
puro,0.0
relaxar,0.0
reserva,0.0
republica,0.0
reparos,0.0
repaginado,0.0
remoto,0.0
remota,0.0
relax,0.0
reformados,0.0
relacao,0.0
reis,0.0
regional,0.0
regioes,0.0
refrigerador,0.0
reformas,0.0
receber,0.0
recebe,0.0
receba,0.0
quente,0.0
quitado,0.0
quiser,0.0
quiosques,0.0
quintino,0.0
quintana,0.0
quer,0.0
quase,0.0
recantos,0.0
quartos,0.0
quarto,0.0
quanto,0.0
qualquer,0.0
qualificando,0.0
quadras,0.0
rack,0.0
ramiro,0.0
rampa,0.0
rapido,0.0
rara,0.0
raridade,0.0
reais,0.0
real,0.0
realidade,0.0
realizar,0.0
realmente,0.0
reaproveitamento,0.0
rebaixado,0.0
rebaixamento,0.0
rebaixe,0.0
rebaixo,0.0
recanto,0.0
residences,0.0
residencial,0.0
residir,0.0
roupeiro,0.0
sabara,0.0
rustico,0.0
rubem,0.0
ruas,0.0
rs,0.0
roupeiros,0.0
roupas,0.0
room,0.0
roupa,0.0
rotula,0.0
rotinas,0.0
rotativo,0.0
rotativas,0.0
rossi,0.0
saber,0.0
saiba,0.0
saibro,0.0
saida,0.0
saidas,0.0
sair,0.0
salle,0.0
saloes,0.0
salso,0.0
salvador,0.0
sanca,0.0
sancas,0.0
santa,0.0
santana,0.0
santo,0.0
sarandi,0.0
saude,0.0
rosario,0.0
rooftop,0.0
resort,0.0
revelando,0.0
revestida,0.0
revertido,0.0
revertida,0.0
reverter,0.0
reversivel,0.0
reversao,0.0
reunioes,0.0
roofs,0.0
reuniao,0.0
retratil,0.0
retorno,0.0
restaurantes,0.0
restaurante,0.0
responsavel,0.0
revestidas,0.0
revestimento,0.0
revestimentos,0.0
revitalizacao,0.0
revitalizada,0.0
revitalizado,0.0
riachuelo,0.0
ribeiro,0.0
riscos,0.0
ritter,0.0
rocha,0.0
roda,0.0
rodapes,0.0
rodeado,0.0
rodoviaria,0.0
ronda,0.0
roof,0.0
quadrados,0.0
pulmao,0.0
saute,0.0
pontos,0.0
portao,0.0
porta,0.0
port,0.0
porem,0.0
porcelanato,0.0
pool,0.0
ponto,0.0
porte,0.0
ponte,0.0
pombal,0.0
polo,0.0
poliesportivas,0.0
poliesportiva,0.0
polido,0.0
portarias,0.0
porteira,0.0
pucrs,0.0
posto,0.0
pra,0.0
poucos,0.0
pouco,0.0
poucas,0.0
potencial,0.0
postos,0.0
postes,0.0
porteiro,0.0
possuindo,0.0
possivel,0.0
possiveis,0.0
possibilitando,0.0
posicao,0.0
portoes,0.0
policia,0.0
poli,0.0
pois,0.0
piscinas,0.0
plana,0.0
place,0.0
placas,0.0
pizza,0.0
pista,0.0
pisos,0.0
piratini,0.0
podera,0.0
pintura,0.0
pintado,0.0
pinheiro,0.0
pilotis,0.0
pilates,0.0
pias,0.0
planalto,0.0
planejada,0.0
planejado,0.0
planejados,0.0
plano,0.0
plaquetas,0.0
play,0.0
playgroud,0.0
playgrounds,0.0
pleno,0.0
plinio,0.0
pne,0.0
poa,0.0
pode,0.0
podem,0.0
podendo,0.0
poder,0.0
pracas,0.0
pracinha,0.0
pracinhas,0.0
pronta,0.0
propria,0.0
propostas,0.0
proposta,0.0
proporcionar,0.0
proporciona,0.0
pronto,0.0
profissional,0.0
privado,0.0
profissionais,0.0
professor,0.0
procurando,0.0
procura,0.0
privilegio,0.0
privilegiada,0.0
proprietaria,0.0
proprietario,0.0
proprietarios,0.0
proprio,0.0
protasio,0.0
protecao,0.0
provincia,0.0
prox,0.0
proxima,0.0
proximas,0.0
proximidade,0.0
proximidades,0.0
proximos,0.0
pub,0.0
publico,0.0
publicos,0.0
puc,0.0
privativas,0.0
privada,0.0
praia,0.0
preco,0.0
presenteando,0.0
presenca,0.0
preferir,0.0
prefeitura,0.0
predios,0.0
predial,0.0
precisar,0.0
privacidade,0.0
pre,0.0
pratos,0.0
prato,0.0
praticidades,0.0
praticamente,0.0
pratica,0.0
presentear,0.0
preservacao,0.0
preservada,0.0
preservado,0.0
presidente,0.0
prestar,0.0
preto,0.0
previsao,0.0
prevista,0.0
prezando,0.0
prime,0.0
primeira,0.0
primeiro,0.0
principais,0.0
principal,0.0
principalmente,0.0
priv,0.0
saunas,0.0
scliar,0.0
pets,0.0
usb,0.0
util,0.0
uteis,0.0
usufruir,0.0
uso,0.0
usina,0.0
use,0.0
usado,0.0
utilizada,0.0
urbano,0.0
urbana,0.0
universidades,0.0
universidade,0.0
unisinos,0.0
umida,0.0
utilizacao,0.0
utilizado,0.0
tomadas,0.0
variados,0.0
veja,0.0
veiculos,0.0
veiculo,0.0
vasco,0.0
varios,0.0
varias,0.0
variado,0.0
vai,0.0
vargas,0.0
valorizados,0.0
valorizado,0.0
valorizacao,0.0
valoriza,0.0
vale,0.0
ultimo,0.0
ufrgs,0.0
turistico,0.0
torno,0.0
tranquilas,0.0
tranquila,0.0
tradicionais,0.0
trabalho,0.0
trabalhar,0.0
totalizando,0.0
torneiras,0.0
tubulacao,0.0
torneira,0.0
tornar,0.0
tornando,0.0
torna,0.0
topo,0.0
top,0.0
tranquilo,0.0
transformada,0.0
transformado,0.0
transformados,0.0
transformar,0.0
transformou,0.0
transportes,0.0
trata,0.0
trazem,0.0
trazendo,0.0
trazer,0.0
trensurb,0.0
triangulo,0.0
tribunal,0.0
trilha,0.0
tristeza,0.0
troca,0.0
velho,0.0
vem,0.0
venancio,0.0
volta,0.0
way,0.0
watts,0.0
watsapp,0.0
wallig,0.0
voltado,0.0
voltada,0.0
vizinhos,0.0
visitantes,0.0
vizinho,0.0
vizinhanca,0.0
viva,0.0
vistas,0.0
visite,0.0
visitas,0.0
wc,0.0
web,0.0
wenceslau,0.0
whasapp,0.0
whastapp,0.0
whats,0.0
whatsaap,0.0
whatsap,0.0
whatss,0.0
whatssap,0.0
whatssapp,0.0
wi,0.0
wine,0.0
zafari,0.0
zeladoria,0.0
zen,0.0
zero,0.0
visitar,0.0
visitante,0.0
venda,0.0
ventilador,0.0
verdes,0.0
verde,0.0
ver,0.0
ventos,0.0
ventilados,0.0
ventiladores,0.0
ventilado,0.0
virtual,0.0
ventilada,0.0
ventilacao,0.0
venha,0.0
vendo,0.0
vendido,0.0
vende,0.0
verissimo,0.0
vestiario,0.0
vestiarios,0.0
via,0.0
viaduto,0.0
vias,0.0
vicente,0.0
video,0.0
vidro,0.0
vieira,0.0
view,0.0
vigilancia,0.0
vila,0.0
villa,0.0
vinculacao,0.0
vinculada,0.0
vindo,0.0
tomar,0.0
toda,0.0
sebastiao,0.0
sim,0.0
skate,0.0
situado,0.0
site,0.0
sistemas,0.0
sistema,0.0
simplesmente,0.0
silva,0.0
smart,0.0
silencioso,0.0
silenciosa,0.0
silencio,0.0
significa,0.0
shoppings,0.0
shoping,0.0
sky,0.0
so,0.0
tire,0.0
solarium,0.0
somente,0.0
solucoes,0.0
solteiro,0.0
solo,0.0
solida,0.0
solicite,0.0
solares,0.0
sob,0.0
sol,0.0
sogipa,0.0
sofisticadas,0.0
sofas,0.0
sofa,0.0
socorro,0.0
shop,0.0
sharing,0.0
sesc,0.0
segura,0.0
semimobiliado,0.0
semi,0.0
semana,0.0
selo,0.0
seletivo,0.0
seguro,0.0
segundo,0.0
servido,0.0
segunda,0.0
seguindo,0.0
segue,0.0
sede,0.0
secar,0.0
seca,0.0
seminovo,0.0
sempre,0.0
senac,0.0
senador,0.0
senha,0.0
sensacao,0.0
sensor,0.0
sentir,0.0
separadas,0.0
separado,0.0
separados,0.0
ser,0.0
sera,0.0
serao,0.0
serrat,0.0
sertorio,0.0
servicos,0.0
sonho,0.0
sorteio,0.0
souza,0.0
televisao,0.0
tendo,0.0
tendencias,0.0
tempo,0.0
temperos,0.0
temperado,0.0
tematicos,0.0
telefones,0.0
taxi,0.0
telefone,0.0
telas,0.0
telao,0.0
tela,0.0
teixeira,0.0
teen,0.0
teras,0.0
terceira,0.0
terceiro,0.0
teresopolis,0.0
tereza,0.0
termicas,0.0
termico,0.0
terminal,0.0
terra,0.0
terracos,0.0
terrea,0.0
terreo,0.0
teto,0.0
theater,0.0
tipo,0.0
tipos,0.0
tirar,0.0
teatro,0.0
taxa,0.0
space,0.0
sujeito,0.0
surpreendente,0.0
supermercados,0.0
supermercado,0.0
superior,0.0
super,0.0
sul,0.0
subsolo,0.0
tarso,0.0
sub,0.0
studios,0.0
studio,0.0
strip,0.0
splits,0.0
split,0.0
surpreender,0.0
sustentaveis,0.0
sustentavel,0.0
tabelionato,0.0
taboao,0.0
tabuao,0.0
tadeu,0.0
tag,0.0
tais,0.0
tamanho,0.0
tamanhos,0.0
tampo,0.0
tampos,0.0
tanque,0.0
tanto,0.0
tarde,0.0
tarrago,0.0
pia,0.0
pet,0.0
forro,0.0
ipiranga,0.0
israelita,0.0
isolamento,0.0
iremos,0.0
irao,0.0
ira,0.0
iptu,0.0
ipe,0.0
itens,0.0
ipanema,0.0
investir,0.0
investimento,0.0
investidores,0.0
investidor,0.0
inverter,0.0
italia,0.0
itu,0.0
infantil,0.0
jardins,0.0
juca,0.0
jose,0.0
joao,0.0
jk,0.0
jeronimo,0.0
jeito,0.0
jardim,0.0
ivo,0.0
janeloes,0.0
janelas,0.0
janelao,0.0
janela,0.0
jaime,0.0
ja,0.0
inverno,0.0
inumeras,0.0
intimas,0.0
instalada,0.0
integracao,0.0
integra,0.0
instituto,0.0
instalados,0.0
instalado,0.0
instaladas,0.0
instalacoes,0.0
internos,0.0
instalacao,0.0
inspirado,0.0
inquilino,0.0
inox,0.0
informacao,0.0
infinita,0.0
integrada,0.0
integradas,0.0
integrado,0.0
integrados,0.0
integrando,0.0
integrar,0.0
inteiro,0.0
inteligente,0.0
inteligentes,0.0
intensa,0.0
intenso,0.0
interesse,0.0
interfone,0.0
intermediario,0.0
internas,0.0
internet,0.0
interno,0.0
judas,0.0
judiciaria,0.0
julio,0.0
ligue,0.0
lindoia,0.0
lindo,0.0
lindissimo,0.0
lindas,0.0
limpeza,0.0
lima,0.0
ligam,0.0
leopoldina,0.0
ligacao,0.0
life,0.0
licenciados,0.0
liberdade,0.0
leva,0.0
leste,0.0
lindos,0.0
line,0.0
linha,0.0
linhas,0.0
lista,0.0
litoral,0.0
liv,0.0
livre,0.0
lo,0.0
locacao,0.0
locacoes,0.0
locado,0.0
locais,0.0
local,0.0
localidade,0.0
localizada,0.0
locar,0.0
lerner,0.0
lenha,0.0
juncker,0.0
km,0.0
laminados,0.0
laminado,0.0
lajes,0.0
laje,0.0
lago,0.0
lados,0.0
juvenil,0.0
leitura,0.0
justo,0.0
justica,0.0
juridico,0.0
junto,0.0
junkers,0.0
junker,0.0
lan,0.0
lanca,0.0
lancamento,0.0
lance,0.0
lances,0.0
lar,0.0
largo,0.0
laser,0.0
lateral,0.0
laundry,0.0
lava,0.0
lavado,0.0
lavagem,0.0
lavar,0.0
led,0.0
legislativa,0.0
lei,0.0
inferior,0.0
ines,0.0
loft,0.0
geraldo,0.0
gloria,0.0
ginastica,0.0
gigante,0.0
getulio,0.0
gesso,0.0
germania,0.0
geral,0.0
goldsztein,0.0
geradora,0.0
geracao,0.0
gente,0.0
general,0.0
geladeiras,0.0
geladeira,0.0
goethe,0.0
gomes,0.0
indoor,0.0
gradil,0.0
grupo,0.0
ground,0.0
gremio,0.0
grandes,0.0
grande,0.0
grand,0.0
grades,0.0
goncalves,0.0
gradeado,0.0
governo,0.0
gostou,0.0
gosto,0.0
gostaria,0.0
gosta,0.0
gazebo,0.0
gaucho,0.0
gaucha,0.0
frequencias,0.0
funcionalidade,0.0
funcional,0.0
fruteiras,0.0
frontal,0.0
frio,0.0
frias,0.0
freeway,0.0
gastronomia,0.0
free,0.0
francisco,0.0
franca,0.0
fotos,0.0
forum,0.0
forte,0.0
funcionarios,0.0
fundo,0.0
fundos,0.0
futuro,0.0
gabarito,0.0
galeria,0.0
gama,0.0
garante,0.0
garantem,0.0
garantia,0.0
garantida,0.0
garantido,0.0
garantindo,0.0
garcia,0.0
garibaldi,0.0
gasolina,0.0
gasometro,0.0
guarda,0.0
guarida,0.0
ha,0.0
imoveis,0.0
inclui,0.0
incendio,0.0
importante,0.0
imperdivel,0.0
impecavel,0.0
imovel,0.0
imobiliario,0.0
iluminada,0.0
imobiliaria,0.0
imediata,0.0
imediacoes,0.0
imagine,0.0
ilustrativas,0.0
iluminado,0.0
incluido,0.0
incluindo,0.0
inclusive,0.0
inclusos,0.0
incorporador,0.0
incrivel,0.0
independencia,0.0
independente,0.0
indevassavel,0.0
indicada,0.0
indicado,0.0
indicados,0.0
individual,0.0
individualizada,0.0
individualizado,0.0
individualizados,0.0
indo,0.0
iluminadas,0.0
iluminacao,0.0
habitado,0.0
home,0.0
hortas,0.0
hortalicas,0.0
horta,0.0
horizontal,0.0
horario,0.0
hora,0.0
hoje,0.0
ijui,0.0
historico,0.0
historia,0.0
hipermercados,0.0
hipermercado,0.0
hill,0.0
hidraulica,0.0
hospitais,0.0
hospital,0.0
hospitalar,0.0
hoteis,0.0
hotel,0.0
house,0.0
hps,0.0
hrs,0.0
hs,0.0
hub,0.0
humaita,0.0
icarai,0.0
zona,0.0
idealizado,0.0
igreja,0.0
igual,0.0
ii,0.0
locomocao,0.0
logo,0.0
pessoalmente,0.0
original,0.0
otima,0.0
osvaldo,0.0
osso,0.0
oscar,0.0
orla,0.0
originalmente,0.0
orientacao,0.0
otimizacao,0.0
organizado,0.0
organica,0.0
ordem,0.0
oportunidade,0.0
open,0.0
opcoes,0.0
otimas,0.0
otimo,0.0
nivel,0.0
padaria,0.0
paisagistico,0.0
paisagismo,0.0
painel,0.0
pagina,0.0
padre,0.0
padarias,0.0
outubro,0.0
otimos,0.0
outros,0.0
outro,0.0
outras,0.0
outra,0.0
outdoor,0.0
otto,0.0
opcao,0.0
online,0.0
ondas,0.0
novas,0.0
obras,0.0
obra,0.0
nunca,0.0
numero,0.0
novos,0.0
novo,0.0
nova,0.0
on,0.0
noturno,0.0
noturna,0.0
norte,0.0
normas,0.0
nonoai,0.0
nome,0.0
obs,0.0
obtenha,0.0
ocasiao,0.0
oeste,0.0
oferece,0.0
oferecem,0.0
oferecendo,0.0
oferecer,0.0
oferta,0.0
ofertas,0.0
office,0.0
ofuro,0.0
ok,0.0
olhar,0.0
olhos,0.0
olimpico,0.0
oliveira,0.0
palacio,0.0
panamericana,0.0
panoramica,0.0
per,0.0
perfeito,0.0
perfeitamente,0.0
perfeita,0.0
perene,0.0
pereira,0.0
perca,0.0
pequenos,0.0
pedestres,0.0
pequeno,0.0
pensando,0.0
pena,0.0
pega,0.0
pedro,0.0
pedras,0.0
perfil,0.0
pergolado,0.0
perimetral,0.0
permanece,0.0
permanecem,0.0
permanente,0.0
permite,0.0
permitem,0.0
permuta,0.0
persiana,0.0
personalizacao,0.0
personalizada,0.0
personalizado,0.0
pertinho,0.0
perto,0.0
pessoa,0.0
pessoais,0.0
pedra,0.0
pecas,0.0
panoramico,0.0
parrilla,0.0
paseo,0.0
partir,0.0
particulares,0.0
particular,0.0
partes,0.0
partenon,0.0
parquet,0.0
peca,0.0
park,0.0
paredes,0.0
parede,0.0
paradas,0.0
parada,0.0
panvel,0.0
passa,0.0
passagem,0.0
passando,0.0
passear,0.0
passeio,0.0
passeios,0.0
passo,0.0
pastilhado,0.0
pastor,0.0
patio,0.0
patios,0.0
patria,0.0
patrocinio,0.0
paulo,0.0
pavimento,0.0
pavimentos,0.0
pay,0.0
noite,0.0
niemeyer,0.0
loja,0.0
matinais,0.0
medianeira,0.0
media,0.0
medeiros,0.0
mdf,0.0
maximo,0.0
matriz,0.0
material,0.0
medida,0.0
materiais,0.0
mata,0.0
mascarenhas,0.0
marques,0.0
marque,0.0
marista,0.0
medicao,0.0
medidas,0.0
neste,0.0
melhores,0.0
mentz,0.0
mensal,0.0
mensagem,0.0
menor,0.0
memorial,0.0
melnick,0.0
melhor,0.0
medidor,0.0
meios,0.0
meio,0.0
meia,0.0
medplex,0.0
medio,0.0
medindo,0.0
mario,0.0
marinha,0.0
mariland,0.0
lucas,0.0
luxuoso,0.0
luminosidade,0.0
luminarias,0.0
luiz,0.0
luis,0.0
lugares,0.0
loureiro,0.0
marechal,0.0
lounge,0.0
loucas,0.0
loterica,0.0
lotacoes,0.0
lotacao,0.0
lojas,0.0
luz,0.0
luzes,0.0
machado,0.0
madeira,0.0
mae,0.0
magnifico,0.0
mail,0.0
maiores,0.0
manha,0.0
manoel,0.0
manta,0.0
manutencao,0.0
manutencoes,0.0
maquina,0.0
maravilhosa,0.0
marcar,0.0
marco,0.0
mercado,0.0
mercados,0.0
mes,0.0
moto,0.0
muita,0.0
mucio,0.0
mts,0.0
mq,0.0
movel,0.0
moveis,0.0
morros,0.0
monitoramento,0.0
morro,0.0
morando,0.0
moraes,0.0
morador,0.0
moradia,0.0
montados,0.0
muitas,0.0
multiuso,0.0
mundo,0.0
nacional,0.0
nada,0.0
nao,0.0
nardon,0.0
nascente,0.0
natural,0.0
nautico,0.0
necessidade,0.0
necessidades,0.0
necessita,0.0
negociacao,0.0
negocio,0.0
nele,0.0
nesta,0.0
montado,0.0
monitorado,0.0
mesa,0.0
micro,0.0
min,0.0
militar,0.0
milano,0.0
mil,0.0
miguel,0.0
microondas,0.0
mgus,0.0
molhadas,0.0
mexico,0.0
metropolitana,0.0
metro,0.0
metragem,0.0
metais,0.0
mesma,0.0
mini,0.0
minimos,0.0
minutos,0.0
mm,0.0
moacyr,0.0
mobilado,0.0
mobilia,0.0
mobiliada,0.0
mobiliadas,0.0
mobiliados,0.0
mobiliario,0.0
mobilidade,0.0
modelo,0.0
modernas,0.0
modernidade,0.0
modernizado,0.0
modernos,0.0
00,0.0
