feature,weight,std
suites,0.23289670328751333,0.008979065055311949
suite,0.05684156612406839,0.002451946407636904
master,0.026403111879619835,0.0014556744127315186
vagas,0.024065300664827326,0.0007798355781604397
elegancia,0.02192570212642324,0.00119555276414818
piscina,0.014206050899200217,0.001978055608090288
lareira,0.014171754270849556,0.0021339797731974607
lavabo,0.012813337660637835,0.0006714469753158263
dependencia,0.01277966639992032,0.001642514625213387
unico,0.011662961951251294,0.0046828626391784
conversar,0.009917438976891724,0.0009493379444118671
bem,0.008342505487207785,0.003981770410946455
acabamentos,0.007271150729079845,0.0007011908514987742
bela,0.004861934192664364,0.0011994266378752023
empregada,0.004851450797450152,0.0007705432364492356
sauna,0.004487045808713308,0.00024647670343919446
cozinha,0.003948121139705285,0.001604437451659265
terreno,0.003878007910805681,0.000939652261735491
02,0.0038370099956579694,0.0007034862958471427
moinhos,0.0037175840439209297,0.0005535610496255737
closet,0.0036518561532703497,0.0004269402319875145
cadastre,0.0036000556722139755,0.00011954586142835628
padrao,0.0034849872506140358,0.00047963811985349833
vista,0.0033095643739241565,0.0008887419551639912
sacadao,0.00321098544172862,0.00010708505827635164
sociais,0.003146636646011247,0.00035672303962493634
dormitorios,0.0028955536408065362,0.0004559727499195479
kids,0.002651783152813003,0.00028995124006885324
vento,0.0025346856871349744,0.00039611215424059936
dormitorio,0.0023547076438915626,0.00021993538731847963
completa,0.002222622882876646,0.0015422896573535044
detalhes,0.002221401467480999,0.0002747052602168461
endereco,0.002152824094681405,0.0003216683052222214
ambientes,0.002127230000236291,0.0009503748516674371
nobres,0.002119635298455358,0.0005393730366575661
seguranca,0.0020525155918239115,0.0003779587178995713
bairro,0.002000689274402867,0.0012936214975576056
varanda,0.001988723425486616,0.00025454186128314463
fachadas,0.001960469536517362,0.0004591736420511707
blindada,0.0019156992267155947,0.0017135251769296843
churrasqueira,0.0018261999439935339,0.0003632580683204025
sacada,0.0017796184454710539,0.0010759175897711846
gerador,0.001715834056029264,0.0003753169412848452
tenis,0.0016663546057372526,0.0004168293195166676
apartamento,0.00160727792487112,0.0012217471512443931
intimo,0.0016008290347357956,0.00023335941665606676
alto,0.001549506019183977,0.00016106039585226135
condominio,0.001524317754281368,0.0003433478574182435
projeto,0.0014713314737919703,0.00036975007122018374
area,0.0014201241610171556,0.0009920983499251018
especialistas,0.0013220331980221545,0.0005284756471684889
quadra,0.0013126254623248013,0.0001531757363394053
garden,0.0012104948421015837,0.00033634881621463737
arquitetura,0.0011659408506132119,0.00025660562054130554
plena,0.0011330953724560723,0.00047034713283086754
coracao,0.001116030115265687,0.00039156142433046585
proporcionam,0.0010943494526488128,0.000868665234498904
carros,0.0010378072370568648,0.00018287343849255141
moderna,0.0010323702866856133,0.00020376430222454118
empreendimento,0.0010239005748319929,0.0006548594081789547
codificados,0.0010194032219217775,5.640217744721363e-05
auxiliar,0.0010108327741608746,0.00015116660274262374
massagem,0.0009967549348716132,4.315152023017965e-05
vao,0.0009181830215875486,0.00028940156195040266
25,0.000905757596947443,0.000175394794218519
coberturas,0.0008697403109330537,8.250941895799549e-05
vida,0.0008624637433817916,0.0001940138529122852
regiao,0.0008507575249592891,0.00014264481413223936
torre,0.0008461899876417434,0.00033087742109284027
viver,0.0008436095771820363,0.0006814765278010338
sala,0.0008283044341875545,0.0005876754408674746
privilegiado,0.0008068084060393277,0.00030350422846634113
encol,0.0007897897363329465,0.00044308296858377647
privativos,0.0007699460878367148,0.0003986858822410342
altos,0.0007644805650692587,6.796833689834631e-05
visitantes,0.0007568820987972735,8.447537076406728e-05
deposito,0.0007561997940246368,0.00010341857542658211
estar,0.0007531541793027285,0.0006459264262147506
sendo,0.0007379071842512186,0.0003257237272156479
servico,0.0007161115380391436,0.0002847555868974062
aquecida,0.0007026049893830155,0.00019434452133258224
tera,0.0006934591834677261,8.968573055578395e-05
dupla,0.0006927194292361882,9.731799704280352e-05
ter,0.0006905292061891277,6.107579052855991e-05
corretor,0.0006770427943425305,0.0005229581790209772
gardens,0.0006751644616245223,0.00012037998436727945
gabinete,0.0006631378911008623,0.00025797028072781805
terraco,0.0006591372014542962,0.00021316746848735031
fitness,0.0006445417235892536,0.00013754983942328733
cm,0.0006170446583874556,0.00024352003618398297
internacional,0.0006153477388396667,0.00013262151066547237
nobre,0.0006147643344401876,0.00024097151333108484
vaga,0.0006116209844942766,0.0005194796042222879
amplo,0.000596162109462206,0.0001357790086902336
pagamento,0.0005938420929610056,0.00034475642631609505
metros,0.0005589558119059701,0.00030793528303388524
andar,0.0005334374906962979,0.00012794277746437267
privativa,0.0005195967810224245,0.00020037478987336134
duas,0.0004899471095028308,3.1905745469794496e-05
uniao,0.00048781330700580216,9.629139805847688e-05
privacidade,0.00048278856419581295,0.00015557462818524458
requintado,0.00046997442032845613,0.00024668015847260374
spa,0.0004655091739686146,0.00010021680771458101
proximo,0.0004533012153851601,0.0003584317000418432
24,0.0004417422607054577,0.0003091156739322758
alegre,0.0004317951504112072,0.0036906727310327273
tradicional,0.00042732304946742073,4.7441567565969106e-05
living,0.0004154309834582648,0.0004010413551006306
estoque,0.00041293319961510644,8.471167078618595e-05
lazer,0.00040887570605576686,0.00014231146179797874
traz,0.00040249732198247565,0.00023457108987616113
garantem,0.0004011934643317616,7.210020492600147e-05
parcao,0.0003923887397262016,0.00020370149023142108
copa,0.00038387584727792576,0.00014272368947152307
detalhe,0.0003804352376844067,6.595750440131194e-05
festas,0.0003726908593619793,0.0002798264948412876
estacionamento,0.0003720106448161564,0.00021163944413130488
playground,0.00037124860789232715,0.00010589458463989769
anchieta,0.00036602787843256215,0.00015048083112178656
termica,0.00036465375041934146,9.846943673144595e-05
05,0.0003620413588050431,5.628195320814944e-05
controle,0.0003465995780531195,3.686723854551096e-05
guaiba,0.0003451366241511433,4.811900775081795e-05
granito,0.0003337069672900039,0.00012257294866364077
todos,0.00032941222254307957,0.0002528509448758933
hidromassagem,0.0003156034793286855,0.0001837704737348911
entrada,0.0003108002211197336,3.345378041972623e-05
qualidade,0.00030822085492698825,9.711605671012196e-05
vidros,0.00030533289713210456,5.897929466743383e-05
duplex,0.0002993437758018969,0.0002864537931406821
adega,0.0002953915606735302,7.486604817174343e-05
aquecimento,0.00028658813325452834,8.153510873353594e-05
caracteristicas,0.0002862265971923739,7.590679093665267e-05
churrasqueiras,0.00027507399119572893,0.00012120432983086209
magnifica,0.00027253445122592533,4.9723877081953925e-05
tecnologia,0.00027221145591806997,4.49333664902446e-05
banheiros,0.0002612957298764984,4.5911098651055506e-05
sofisticacao,0.00025767275145225363,0.0004226175735774114
pele,0.00025286124172958503,2.9141905304521816e-05
cobertura,0.0002508630082220575,0.00014329087370829722
imponente,0.0002489409652911334,0.00018882486616505066
churrasco,0.0002483480272602812,0.00019982719433520979
coberta,0.0002457522835620285,4.73588754818402e-05
verdadeiro,0.00024220794658134093,2.4001843939420724e-05
requinte,0.00023671021231181922,7.88854072203376e-05
hall,0.00023317980952490823,7.838031770277733e-05
sacadas,0.00023099953516496629,4.0474554463424886e-05
guarita,0.00022632070345960376,6.781855611678071e-05
fim,0.00022061032295843662,5.9465453035933936e-05
29,0.00021975239730378515,4.2456151797848964e-05
caldeira,0.00020194744995560843,0.00011399874942427194
ventiladas,0.00020096412024519505,0.00018245189575330622
apartamentos,0.00020048123948273043,0.0002238321603767248
fgts,0.00019249324599925898,8.940659055676922e-05
praticidade,0.00019077513713745554,8.820624401560831e-05
infraestrutura,0.0001906450808193849,0.00011341241762657716
janeloes,0.00018867767641319588,4.363174801210866e-05
alteracao,0.00018806346387303385,1.1173495326234776e-05
contemporaneo,0.00018540749857987038,0.00014756939110779004
deus,0.00018449658796131362,6.0021540398131923e-05
entradas,0.00018414389007148646,6.959470225306207e-05
localizacao,0.0001816915383348272,8.419040419981864e-05
americanas,0.00018111981182320492,1.8671824949978623e-05
valores,0.00017981071093358113,2.7206792867024205e-05
ilha,0.0001783003765848168,6.405495019720966e-05
portaria,0.00017631963914548353,0.0002705361904341988
salao,0.00017232327407437075,0.0007308182257628042
social,0.00017165735519195647,0.00044077637000787236
duplo,0.0001681720846844925,5.5570849284321e-05
rio,0.0001679820604045368,7.91323236138742e-05
areas,0.00016148589299558314,5.030124374091248e-06
condominial,0.00016145986584310547,8.162162020286485e-05
modernidade,0.00015862078160544524,2.3994333856897512e-05
elevadores,0.00015806507397033708,0.00011284574052912899
edificio,0.0001548155316159816,0.0003286216745272097
abrir,0.00015434030310128576,0.0003547005924934631
presente,0.00015131368626610797,4.5827664232986336e-05
elevador,0.00014944679556732065,3.711537201279693e-05
despensa,0.00014768577684447503,0.00035174671524617945
petropolis,0.00014591197573028404,2.0424718628341326e-05
conta,0.00014134086004935487,0.0006509397607130119
arquitetonico,0.00014126142794341768,6.376911294975618e-05
distribuidos,0.00013993126929290334,0.00011330235656138603
mobiliado,0.00013853704851876091,6.926606877717052e-05
montada,0.00013769112832795471,4.224946208123177e-05
vinte,0.00013766703274473713,9.031167079128795e-05
momento,0.00013112392773317882,6.479957607497604e-05
onibus,0.00012811738829971998,0.00019019881340156516
familia,0.0001276156561931252,7.491610257459942e-05
unica,0.00012174551082657636,0.00023988360405126523
escritorio,0.00011550962156290368,3.272976060434856e-05
jacuzzi,0.00011547042152291188,7.757555118104455e-05
acabamento,0.00011505172250161343,3.7857585394049235e-05
dacao,0.0001141150277489622,2.542202835708958e-05
jogos,0.00011086804955708906,5.466851226327953e-05
europa,0.0001097434799950614,3.422340926930925e-05
serem,0.00010773176691167841,0.00012939596260079205
encantador,0.00010645770578705527,5.1331713429198646e-05
160,0.00010631550706425852,1.833294582396623e-05
informacoes,0.00010577679764596226,3.6286271675094515e-05
amigos,0.00010562265424176597,0.00017197038717247626
excelente,0.0001038076917020625,6.387896764069283e-05
figueiras,0.00010243623678991564,9.905397757297196e-05
salgado,9.878675591323827e-05,0.0
todas,9.396686285132461e-05,2.387787243147283e-05
descanso,9.384770132363496e-05,1.5232520865389019e-05
charmoso,9.365134597596469e-05,0.00024168798998121507
terreo,9.288762642032378e-05,3.2129761196161106e-05
ha,9.264991655741906e-05,9.037288585433429e-05
aqui,8.975297533417859e-05,6.67185647442928e-05
diferencial,8.968464791709873e-05,1.534950017502118e-05
composto,8.740850055695137e-05,1.189403749523522e-05
transporte,8.68566994492781e-05,4.4324280895331746e-05
14,8.671050897568477e-05,4.490739014577983e-05
garagens,8.610983939294492e-05,4.66794469141703e-05
medidores,8.570602590880494e-05,0.00012274888004929247
design,8.417189459837271e-05,8.84027441746252e-05
aquecido,8.409432413096774e-05,4.599960263008044e-05
natureza,8.250406884218187e-05,2.442782207514502e-05
totalmente,8.235052605496396e-05,0.00011040772061067356
visita,8.201624495605132e-05,0.00013172525922216697
quatro,8.194381344226454e-05,7.614225377073208e-05
localizado,7.925367635790437e-05,0.00010082346111663337
ipa,7.82519740745169e-05,3.757464261231233e-05
lounge,7.765141785691654e-05,1.832557171199341e-05
filho,7.73654362017595e-05,4.971048314677206e-05
sair,6.372184642606804e-05,2.2762461275898104e-05
lado,6.315982013376243e-05,9.370397271030382e-05
especial,6.171795876590558e-05,6.369718132159847e-05
selo,6.0341893362858554e-05,1.854678175565649e-05
unidade,5.970556428587237e-05,5.9930325095875476e-05
rotativa,5.8077470227391184e-05,4.605727760001076e-05
quiosque,5.555410647795078e-05,7.522489252852647e-06
molhado,5.5100889157788655e-05,2.935792460519538e-05
elegante,5.0732283831389505e-05,5.6536070624177956e-05
menos,5.059117316867923e-05,8.444864269632176e-05
decorado,4.993808935234156e-05,6.260185426953569e-05
ser,4.9230512128040084e-05,1.082125246020772e-05
amplos,4.436370456388783e-05,2.1121211950200165e-05
cada,4.354257900069935e-05,0.0003335186588315501
perfeito,4.2972635866189714e-05,8.284096539376256e-06
200,4.2578848285890206e-05,8.050075934312273e-05
separada,4.2074888530341247e-05,0.00012505619745263537
aptos,4.0738576694887565e-05,3.830812145712816e-05
cinema,4.013240378430982e-05,8.450677265515932e-05
consulte,3.894725484119288e-05,3.3056459333694256e-06
planta,3.89117679210349e-05,2.5434884350077466e-05
cidade,3.474772037146412e-05,9.42666445647864e-05
surpreendente,3.4653614800639335e-05,3.733376886855529e-05
classico,3.465346984456996e-05,7.45915608308295e-06
centros,3.364047493250588e-05,1.46919363614526e-05
construtora,3.3191210391225744e-05,2.1443701063947422e-05
menino,3.3171109380414344e-05,1.0702685061208194e-05
estrutura,3.1724025794388486e-05,1.8619605587950293e-05
tranquilidade,3.131901039741258e-05,1.419774450366617e-05
sobre,3.111535244120223e-05,5.66768148317443e-05
espetacular,3.0988731064396366e-05,1.02723944677594e-05
charmosa,3.087236153276329e-05,3.595057147489769e-05
laminados,3.069864339733108e-05,9.453573484568182e-06
studio,2.941804002820625e-05,0.0
necessarios,2.9231113504213368e-05,2.3933876685985823e-05
receber,2.8625876205579105e-05,1.161641162112106e-05
iguatemi,2.822527541068709e-05,5.553224863101532e-05
baltazar,2.7702595283130017e-05,1.8135665074878062e-05
79,2.7210020332879557e-05,7.476692760370451e-05
simples,2.5640508293567343e-05,2.7727874129473538e-05
decoracao,2.5579571422795766e-05,3.606292539318079e-05
financiamento,2.5280096420887688e-05,5.579381007594687e-05
miolo,2.431284928525734e-05,1.1925609703493786e-05
redencao,2.410323246497814e-05,2.967347533856109e-05
parte,2.3738692893826573e-05,6.955918986423341e-05
historia,2.1410202107285948e-05,4.1372827561777545e-05
especiais,1.9132057511339616e-05,3.885252770374203e-05
tres,1.8593743097827798e-05,0.00012276025191388116
completas,1.7491894880317105e-05,1.4803459887027025e-05
jk,1.7308629210566195e-05,4.952006441340833e-05
estuda,1.675525044881887e-05,5.009937952636967e-06
adulto,1.580776309546561e-05,1.562771834435164e-05
clubes,1.3958053157847594e-05,5.876133472164017e-06
coletiva,1.2921155865441847e-05,4.179985800596126e-05
intima,1.2526018909619908e-05,3.20838863817386e-05
57,1.074590991476665e-05,1.020141396069729e-05
cobertas,9.252867970155343e-06,1.0504797250959274e-05
vinilico,9.148291633698235e-06,6.534852125744666e-06
banheira,8.549746181762963e-06,1.0648902998520563e-05
anos,7.4978805860936856e-06,4.610962692213415e-05
65,7.187180573886565e-06,3.79299330006753e-06
place,4.0461450947493205e-06,1.4799470284348489e-05
mall,2.4315899272542295e-06,1.3629937449098167e-05
confortavel,2.227619020778171e-06,5.671842673436219e-06
maiojama,2.1495717176911454e-06,5.664127488931533e-05
importantes,1.9611440227773615e-06,6.821979854190633e-06
tv,6.400811957352204e-07,1.3458853478514786e-05
construcao,0.0,0.0
confira,0.0,0.0
diferencias,0.0,0.0
divisa,0.0,0.0
constant,0.0,0.0
conferir,0.0,0.0
consta,0.0,0.0
disponiveis,0.0,0.0
confeitarias,0.0,0.0
conforme,0.0,0.0
diferenciadas,0.0,0.0
diferenciados,0.0,0.0
condominios,0.0,0.0
construtivos,0.0,0.0
construtivo,0.0,0.0
diferenciais,0.0,0.0
condominos,0.0,0.0
divisoria,0.0,0.0
conducao,0.0,0.0
dohms,0.0,0.0
conducoes,0.0,0.0
construido,0.0,0.0
documentacao,0.0,0.0
construida,0.0,0.0
confirmacao,0.0,0.0
diversificado,0.0,0.0
divididos,0.0,0.0
dividido,0.0,0.0
conhece,0.0,0.0
conhecer,0.0,0.0
distribuicao,0.0,0.0
conhecida,0.0,0.0
distintos,0.0,0.0
distancia,0.0,0.0
diretamente,0.0,0.0
disso,0.0,0.0
direto,0.0,0.0
disposicao,0.0,0.0
disponivel,0.0,0.0
dispoe,0.0,0.0
conhecido,0.0,0.0
disponibilidade,0.0,0.0
disponibilizar,0.0,0.0
direta,0.0,0.0
direito,0.0,0.0
conjugada,0.0,0.0
conosco,0.0,0.0
confortaveis,0.0,0.0
diversos,0.0,0.0
diferente,0.0,0.0
confraternizacao,0.0,0.0
conservado,0.0,0.0
conservacao,0.0,0.0
diversas,0.0,0.0
conjunto,0.0,0.0
diferentes,0.0,0.0
diurno,0.0,0.0
distribuidas,0.0,0.0
digital,0.0,0.0
distribuida,0.0,0.0
conheca,0.0,0.0
dispensa,0.0,0.0
coworking,0.0,0.0
consultor,0.0,0.0
curta,0.0,0.0
curtir,0.0,0.0
corretoras,0.0,0.0
corretora,0.0,0.0
custo,0.0,0.0
cyrela,0.0,0.0
dando,0.0,0.0
correr,0.0,0.0
decimo,0.0,0.0
deck,0.0,0.0
decorada,0.0,0.0
dom,0.0,0.0
decoradas,0.0,0.0
decorados,0.0,0.0
definida,0.0,0.0
definidos,0.0,0.0
definitiva,0.0,0.0
corredores,0.0,0.0
corredor,0.0,0.0
coronel,0.0,0.0
deg,0.0,0.0
degandar,0.0,0.0
deixe,0.0,0.0
cor,0.0,0.0
curtas,0.0,0.0
cultura,0.0,0.0
cooktop,0.0,0.0
cuidado,0.0,0.0
country,0.0,0.0
creche,0.0,0.0
cotidiano,0.0,0.0
creches,0.0,0.0
credenciada,0.0,0.0
costa,0.0,0.0
credenciado,0.0,0.0
credenciados,0.0,0.0
crescimento,0.0,0.0
criado,0.0,0.0
cosmopolita,0.0,0.0
criancas,0.0,0.0
criando,0.0,0.0
criar,0.0,0.0
cristal,0.0,0.0
cortinas,0.0,0.0
cristiano,0.0,0.0
cortina,0.0,0.0
cristo,0.0,0.0
cristovao,0.0,0.0
cruzada,0.0,0.0
corretores,0.0,0.0
cuba,0.0,0.0
demais,0.0,0.0
demetrio,0.0,0.0
consumo,0.0,0.0
deslocamento,0.0,0.0
deslocando,0.0,0.0
contem,0.0,0.0
dessa,0.0,0.0
desse,0.0,0.0
desta,0.0,0.0
conte,0.0,0.0
contatos,0.0,0.0
contate,0.0,0.0
destaca,0.0,0.0
destaque,0.0,0.0
deste,0.0,0.0
contatar,0.0,0.0
contara,0.0,0.0
contar,0.0,0.0
devido,0.0,0.0
contando,0.0,0.0
dez,0.0,0.0
dezembro,0.0,0.0
dia,0.0,0.0
diariamente,0.0,0.0
diaristas,0.0,0.0
dias,0.0,0.0
diferenciada,0.0,0.0
contempla,0.0,0.0
contemplacao,0.0,0.0
denominado,0.0,0.0
desfrute,0.0,0.0
dentro,0.0,0.0
dep,0.0,0.0
dependencias,0.0,0.0
cook,0.0,0.0
convida,0.0,0.0
depositos,0.0,0.0
depurador,0.0,0.0
converse,0.0,0.0
deques,0.0,0.0
conveniencias,0.0,0.0
conveniencia,0.0,0.0
conveniada,0.0,0.0
convencao,0.0,0.0
descoberto,0.0,0.0
descritivo,0.0,0.0
desde,0.0,0.0
deseja,0.0,0.0
contra,0.0,0.0
desempenho,0.0,0.0
desenvolvido,0.0,0.0
contendo,0.0,0.0
desenvolvimento,0.0,0.0
desfrutar,0.0,0.0
dois,0.0,0.0
zuckhan,0.0,0.0
domingos,0.0,0.0
ficam,0.0,0.0
fechado,0.0,0.0
fechadura,0.0,0.0
federal,0.0,0.0
feira,0.0,0.0
feiras,0.0,0.0
felipe,0.0,0.0
fernandes,0.0,0.0
fernando,0.0,0.0
ferragem,0.0,0.0
ferragens,0.0,0.0
ferramentaria,0.0,0.0
festa,0.0,0.0
fi,0.0,0.0
fica,0.0,0.0
ficando,0.0,0.0
fluxo,0.0,0.0
ficar,0.0,0.0
ficara,0.0,0.0
filhos,0.0,0.0
finais,0.0,0.0
final,0.0,0.0
financiado,0.0,0.0
fino,0.0,0.0
firenze,0.0,0.0
fischer,0.0,0.0
fixa,0.0,0.0
fixo,0.0,0.0
flat,0.0,0.0
florenca,0.0,0.0
floresta,0.0,0.0
fechadas,0.0,0.0
fechada,0.0,0.0
fazer,0.0,0.0
fazendo,0.0,0.0
externas,0.0,0.0
externo,0.0,0.0
externos,0.0,0.0
extra,0.0,0.0
extremamente,0.0,0.0
exuberante,0.0,0.0
faca,0.0,0.0
facil,0.0,0.0
facilidade,0.0,0.0
facilidades,0.0,0.0
facilitado,0.0,0.0
facilmente,0.0,0.0
faculdade,0.0,0.0
faculdades,0.0,0.0
falar,0.0,0.0
fale,0.0,0.0
falta,0.0,0.0
familiar,0.0,0.0
familias,0.0,0.0
fantastica,0.0,0.0
fantastico,0.0,0.0
fapa,0.0,0.0
farmacia,0.0,0.0
farmacias,0.0,0.0
farrapos,0.0,0.0
farroupilha,0.0,0.0
farto,0.0,0.0
fase,0.0,0.0
faz,0.0,0.0
flutuante,0.0,0.0
focada,0.0,0.0
extensao,0.0,0.0
gente,0.0,0.0
garantida,0.0,0.0
garantido,0.0,0.0
garantindo,0.0,0.0
garcia,0.0,0.0
garibaldi,0.0,0.0
gasolina,0.0,0.0
gasometro,0.0,0.0
gastronomia,0.0,0.0
gaucha,0.0,0.0
gaucho,0.0,0.0
gazebo,0.0,0.0
geladeira,0.0,0.0
geladeiras,0.0,0.0
general,0.0,0.0
geracao,0.0,0.0
fogao,0.0,0.0
geradora,0.0,0.0
geral,0.0,0.0
geraldo,0.0,0.0
germania,0.0,0.0
gesso,0.0,0.0
getulio,0.0,0.0
gigante,0.0,0.0
ginastica,0.0,0.0
gloria,0.0,0.0
goethe,0.0,0.0
goldsztein,0.0,0.0
gomes,0.0,0.0
goncalves,0.0,0.0
gosta,0.0,0.0
garantia,0.0,0.0
garante,0.0,0.0
gama,0.0,0.0
galeria,0.0,0.0
fogo,0.0,0.0
folego,0.0,0.0
fone,0.0,0.0
fones,0.0,0.0
fontoura,0.0,0.0
forma,0.0,0.0
forno,0.0,0.0
foro,0.0,0.0
forro,0.0,0.0
forte,0.0,0.0
forum,0.0,0.0
fotos,0.0,0.0
franca,0.0,0.0
francisco,0.0,0.0
free,0.0,0.0
freeway,0.0,0.0
frequencias,0.0,0.0
frias,0.0,0.0
frio,0.0,0.0
frontal,0.0,0.0
fruteiras,0.0,0.0
funcional,0.0,0.0
funcionalidade,0.0,0.0
funcionarios,0.0,0.0
fundo,0.0,0.0
fundos,0.0,0.0
futebol,0.0,0.0
futuro,0.0,0.0
gabarito,0.0,0.0
externa,0.0,0.0
extensa,0.0,0.0
dona,0.0,0.0
ensino,0.0,0.0
embutidos,0.0,0.0
emergencia,0.0,0.0
empreendimentos,0.0,0.0
emprega,0.0,0.0
empregados,0.0,0.0
encantadora,0.0,0.0
encantar,0.0,0.0
encante,0.0,0.0
encomendas,0.0,0.0
encontra,0.0,0.0
encontram,0.0,0.0
encontrar,0.0,0.0
encontrara,0.0,0.0
enfim,0.0,0.0
ensolarada,0.0,0.0
equipadas,0.0,0.0
ensolaradas,0.0,0.0
ensolarado,0.0,0.0
ensolarados,0.0,0.0
entao,0.0,0.0
entorno,0.0,0.0
entrando,0.0,0.0
entrar,0.0,0.0
entrega,0.0,0.0
entregue,0.0,0.0
entregues,0.0,0.0
envidracada,0.0,0.0
envidracado,0.0,0.0
envie,0.0,0.0
enxuto,0.0,0.0
embutido,0.0,0.0
embutida,0.0,0.0
email,0.0,0.0
elias,0.0,0.0
dorm,0.0,0.0
dorneles,0.0,0.0
doroteia,0.0,0.0
doutor,0.0,0.0
dr,0.0,0.0
duplas,0.0,0.0
duplos,0.0,0.0
duque,0.0,0.0
durabilidade,0.0,0.0
durante,0.0,0.0
dutra,0.0,0.0
duvidas,0.0,0.0
eclusa,0.0,0.0
ecologica,0.0,0.0
edificacao,0.0,0.0
educacao,0.0,0.0
eixo,0.0,0.0
elementos,0.0,0.0
eletrica,0.0,0.0
eletricas,0.0,0.0
eletrico,0.0,0.0
eletricos,0.0,0.0
eletrodomesticos,0.0,0.0
eletronica,0.0,0.0
eletronico,0.0,0.0
eletronicos,0.0,0.0
eletros,0.0,0.0
elevada,0.0,0.0
elevado,0.0,0.0
equipada,0.0,0.0
equipado,0.0,0.0
expectativa,0.0,0.0
estrategico,0.0,0.0
estabelecimentos,0.0,0.0
estacao,0.0,0.0
estacionamentos,0.0,0.0
estacionar,0.0,0.0
estadio,0.0,0.0
estado,0.0,0.0
estante,0.0,0.0
estao,0.0,0.0
estara,0.0,0.0
estendida,0.0,0.0
estendido,0.0,0.0
estilo,0.0,0.0
estrada,0.0,0.0
estrategica,0.0,0.0
estudante,0.0,0.0
equipados,0.0,0.0
estudantes,0.0,0.0
estudo,0.0,0.0
estudos,0.0,0.0
etc,0.0,0.0
even,0.0,0.0
exatamente,0.0,0.0
exaustor,0.0,0.0
excelentes,0.0,0.0
excepcional,0.0,0.0
exceto,0.0,0.0
exclusiva,0.0,0.0
exemplo,0.0,0.0
existe,0.0,0.0
expansao,0.0,0.0
essencial,0.0,0.0
essenciais,0.0,0.0
esquina,0.0,0.0
esquadrias,0.0,0.0
equipamentos,0.0,0.0
erico,0.0,0.0
ernesto,0.0,0.0
escada,0.0,0.0
escadas,0.0,0.0
escobar,0.0,0.0
escola,0.0,0.0
escolas,0.0,0.0
escolha,0.0,0.0
escritorios,0.0,0.0
escritura,0.0,0.0
escriturada,0.0,0.0
escrituradas,0.0,0.0
escriturado,0.0,0.0
escriturados,0.0,0.0
esef,0.0,0.0
espacosa,0.0,0.0
espacosas,0.0,0.0
espacoso,0.0,0.0
espacosos,0.0,0.0
especialista,0.0,0.0
espelho,0.0,0.0
espelhos,0.0,0.0
espera,0.0,0.0
espm,0.0,0.0
esporte,0.0,0.0
esportes,0.0,0.0
esportiva,0.0,0.0
esportivas,0.0,0.0
engenheiro,0.0,0.0
circulando,0.0,0.0
condominiais,0.0,0.0
adda,0.0,0.0
administrado,0.0,0.0
administracao,0.0,0.0
adicione,0.0,0.0
adicionar,0.0,0.0
adicionais,0.0,0.0
adequar,0.0,0.0
adaptacoes,0.0,0.0
adquirir,0.0,0.0
acustico,0.0,0.0
acustica,0.0,0.0
acrilico,0.0,0.0
acougue,0.0,0.0
acorianos,0.0,0.0
acordo,0.0,0.0
administrativo,0.0,0.0
adulta,0.0,0.0
agradaveis,0.0,0.0
agencias,0.0,0.0
agility,0.0,0.0
agente,0.0,0.0
agendar,0.0,0.0
agendamos,0.0,0.0
agendamento,0.0,0.0
agenda,0.0,0.0
agenciadora,0.0,0.0
adultos,0.0,0.0
agenciador,0.0,0.0
agencia,0.0,0.0
afonso,0.0,0.0
aeroporto,0.0,0.0
aereo,0.0,0.0
adventista,0.0,0.0
aconchegante,0.0,0.0
acolhedores,0.0,0.0
aco,0.0,0.0
90,0.0,0.0
96,0.0,0.0
95,0.0,0.0
94,0.0,0.0
93,0.0,0.0
92,0.0,0.0
91,0.0,0.0
89,0.0,0.0
acima,0.0,0.0
88,0.0,0.0
87,0.0,0.0
86,0.0,0.0
85,0.0,0.0
84,0.0,0.0
83,0.0,0.0
97,0.0,0.0
98,0.0,0.0
99,0.0,0.0
abaixo,0.0,0.0
abastecimento,0.0,0.0
aberto,0.0,0.0
aberturas,0.0,0.0
abrangente,0.0,0.0
abreu,0.0,0.0
academia,0.0,0.0
academias,0.0,0.0
aceita,0.0,0.0
acessar,0.0,0.0
acessibilidade,0.0,0.0
acessivel,0.0,0.0
acesso,0.0,0.0
acessos,0.0,0.0
agora,0.0,0.0
agradavel,0.0,0.0
condominal,0.0,0.0
ano,0.0,0.0
anual,0.0,0.0
antonio,0.0,0.0
antigo,0.0,0.0
antigas,0.0,0.0
antiga,0.0,0.0
anti,0.0,0.0
anita,0.0,0.0
ap,0.0,0.0
anhanguera,0.0,0.0
anexo,0.0,0.0
andre,0.0,0.0
andradas,0.0,0.0
andares,0.0,0.0
amplitude,0.0,0.0
anuncio,0.0,0.0
aparece,0.0,0.0
agronomia,0.0,0.0
apresenta,0.0,0.0
aproximadamente,0.0,0.0
aproveite,0.0,0.0
aproveitar,0.0,0.0
aproveitamentos,0.0,0.0
aproveitamento,0.0,0.0
apresentacao,0.0,0.0
app,0.0,0.0
aparelho,0.0,0.0
apoio,0.0,0.0
apenas,0.0,0.0
apena,0.0,0.0
aparts,0.0,0.0
aparicio,0.0,0.0
aparelhos,0.0,0.0
ampliada,0.0,0.0
amplas,0.0,0.0
americano,0.0,0.0
ajuda,0.0,0.0
alfredo,0.0,0.0
alfandega,0.0,0.0
alencar,0.0,0.0
alcance,0.0,0.0
alberto,0.0,0.0
alarme,0.0,0.0
ajardinado,0.0,0.0
ambos,0.0,0.0
aires,0.0,0.0
airbnb,0.0,0.0
ainda,0.0,0.0
aguas,0.0,0.0
aguardo,0.0,0.0
agua,0.0,0.0
algumas,0.0,0.0
alguns,0.0,0.0
alimentada,0.0,0.0
alinhado,0.0,0.0
alma,0.0,0.0
alta,0.0,0.0
alteracoes,0.0,0.0
alugado,0.0,0.0
alugar,0.0,0.0
aluguel,0.0,0.0
aluminio,0.0,0.0
alvenaria,0.0,0.0
alves,0.0,0.0
amazonas,0.0,0.0
ambas,0.0,0.0
ambiental,0.0,0.0
ambiente,0.0,0.0
82,0.0,0.0
81,0.0,0.0
80,0.0,0.0
135,0.0,0.0
15,0.0,0.0
147,0.0,0.0
144,0.0,0.0
141,0.0,0.0
140,0.0,0.0
137,0.0,0.0
134,0.0,0.0
153,0.0,0.0
133,0.0,0.0
131,0.0,0.0
130,0.0,0.0
13,0.0,0.0
127,0.0,0.0
126,0.0,0.0
150,0.0,0.0
155,0.0,0.0
78,0.0,0.0
19,0.0,0.0
2020,0.0,0.0
2019,0.0,0.0
2018,0.0,0.0
2016,0.0,0.0
2015,0.0,0.0
201,0.0,0.0
182,0.0,0.0
16,0.0,0.0
180,0.0,0.0
18,0.0,0.0
179,0.0,0.0
170,0.0,0.0
17,0.0,0.0
168,0.0,0.0
125,0.0,0.0
124,0.0,0.0
123,0.0,0.0
100,0.0,0.0
106,0.0,0.0
105,0.0,0.0
104,0.0,0.0
103,0.0,0.0
102,0.0,0.0
101,0.0,0.0
10,0.0,0.0
122,0.0,0.0
09,0.0,0.0
08,0.0,0.0
07,0.0,0.0
06,0.0,0.0
01,0.0,0.0
000,0.0,0.0
107,0.0,0.0
108,0.0,0.0
109,0.0,0.0
11,0.0,0.0
110,0.0,0.0
111,0.0,0.0
112,0.0,0.0
113,0.0,0.0
114,0.0,0.0
115,0.0,0.0
116,0.0,0.0
117,0.0,0.0
118,0.0,0.0
119,0.0,0.0
12,0.0,0.0
120,0.0,0.0
121,0.0,0.0
2021,0.0,0.0
2022,0.0,0.0
21,0.0,0.0
54,0.0,0.0
600,0.0,0.0
60,0.0,0.0
59,0.0,0.0
58,0.0,0.0
56,0.0,0.0
55,0.0,0.0
53,0.0,0.0
48,0.0,0.0
52,0.0,0.0
51,0.0,0.0
50000,0.0,0.0
5000,0.0,0.0
500,0.0,0.0
50,0.0,0.0
61,0.0,0.0
62,0.0,0.0
63,0.0,0.0
64,0.0,0.0
66,0.0,0.0
67,0.0,0.0
68,0.0,0.0
69,0.0,0.0
70,0.0,0.0
71,0.0,0.0
72,0.0,0.0
73,0.0,0.0
74,0.0,0.0
75,0.0,0.0
76,0.0,0.0
77,0.0,0.0
777,0.0,0.0
49,0.0,0.0
47,0.0,0.0
215,0.0,0.0
28,0.0,0.0
31,0.0,0.0
304,0.0,0.0
303,0.0,0.0
300,0.0,0.0
30,0.0,0.0
280,0.0,0.0
27,0.0,0.0
46,0.0,0.0
26,0.0,0.0
250,0.0,0.0
23,0.0,0.0
225,0.0,0.0
220,0.0,0.0
22,0.0,0.0
311,0.0,0.0
32,0.0,0.0
33,0.0,0.0
34,0.0,0.0
35,0.0,0.0
36,0.0,0.0
360,0.0,0.0
37,0.0,0.0
38,0.0,0.0
39,0.0,0.0
40,0.0,0.0
400,0.0,0.0
41,0.0,0.0
42,0.0,0.0
43,0.0,0.0
44,0.0,0.0
45,0.0,0.0
apto,0.0,0.0
aquaticos,0.0,0.0
aquecedor,0.0,0.0
cecilia,0.0,0.0
centers,0.0,0.0
centerlar,0.0,0.0
center,0.0,0.0
celular,0.0,0.0
cel,0.0,0.0
cedo,0.0,0.0
caxias,0.0,0.0
centro,0.0,0.0
cavalhada,0.0,0.0
catedral,0.0,0.0
castro,0.0,0.0
castilhos,0.0,0.0
cassol,0.0,0.0
caso,0.0,0.0
central,0.0,0.0
ceramica,0.0,0.0
cachorrodromo,0.0,0.0
chaves,0.0,0.0
chimarrodromo,0.0,0.0
chimarrao,0.0,0.0
chegou,0.0,0.0
chegar,0.0,0.0
chegada,0.0,0.0
chega,0.0,0.0
charmosos,0.0,0.0
ceramico,0.0,0.0
chao,0.0,0.0
chame,0.0,0.0
chagas,0.0,0.0
chacara,0.0,0.0
cete,0.0,0.0
cerca,0.0,0.0
casemiro,0.0,0.0
casas,0.0,0.0
casal,0.0,0.0
calma,0.0,0.0
cameras,0.0,0.0
camera,0.0,0.0
camareira,0.0,0.0
camaqua,0.0,0.0
cama,0.0,0.0
calmo,0.0,0.0
calcadas,0.0,0.0
casa,0.0,0.0
calcadao,0.0,0.0
caixa,0.0,0.0
cafeteria,0.0,0.0
cafes,0.0,0.0
cafe,0.0,0.0
cadeiras,0.0,0.0
caminhada,0.0,0.0
caminhadas,0.0,0.0
caminhar,0.0,0.0
caminho,0.0,0.0
campos,0.0,0.0
campus,0.0,0.0
cancha,0.0,0.0
canoas,0.0,0.0
canto,0.0,0.0
capital,0.0,0.0
capitolio,0.0,0.0
cardiologia,0.0,0.0
care,0.0,0.0
carrefour,0.0,0.0
carro,0.0,0.0
cartao,0.0,0.0
carvalho,0.0,0.0
churrascaria,0.0,0.0
chuva,0.0,0.0
chuveiro,0.0,0.0
comodos,0.0,0.0
completo,0.0,0.0
completissima,0.0,0.0
completamente,0.0,0.0
complementares,0.0,0.0
compartilhadas,0.0,0.0
compartilhada,0.0,0.0
comodidades,0.0,0.0
comendador,0.0,0.0
comodidade,0.0,0.0
comigo,0.0,0.0
comercios,0.0,0.0
comercio,0.0,0.0
comercialmente,0.0,0.0
comercial,0.0,0.0
complexo,0.0,0.0
composta,0.0,0.0
compra,0.0,0.0
comprar,0.0,0.0
compras,0.0,0.0
comprove,0.0,0.0
comum,0.0,0.0
comunitaria,0.0,0.0
comunitarias,0.0,0.0
comuns,0.0,0.0
concebido,0.0,0.0
conceicao,0.0,0.0
conceito,0.0,0.0
concierge,0.0,0.0
concreto,0.0,0.0
condicionado,0.0,0.0
condicionados,0.0,0.0
comerciais,0.0,0.0
comecar,0.0,0.0
chuveiros,0.0,0.0
gosto,0.0,0.0
clique,0.0,0.0
clinicas,0.0,0.0
clausuras,0.0,0.0
classe,0.0,0.0
claro,0.0,0.0
claridade,0.0,0.0
circulacao,0.0,0.0
comeca,0.0,0.0
circuito,0.0,0.0
cineminha,0.0,0.0
cinemas,0.0,0.0
cinco,0.0,0.0
cidades,0.0,0.0
ciclovia,0.0,0.0
closed,0.0,0.0
club,0.0,0.0
clube,0.0,0.0
coberto,0.0,0.0
cobertos,0.0,0.0
cochere,0.0,0.0
codificado,0.0,0.0
coifa,0.0,0.0
colegio,0.0,0.0
colegios,0.0,0.0
coletivas,0.0,0.0
coletivo,0.0,0.0
coletivos,0.0,0.0
colocar,0.0,0.0
colombo,0.0,0.0
combina,0.0,0.0
combinar,0.0,0.0
cacique,0.0,0.0
cabral,0.0,0.0
ar,0.0,0.0
automatizadas,0.0,0.0
av,0.0,0.0
auxiliadora,0.0,0.0
autorizado,0.0,0.0
automovel,0.0,0.0
automoveis,0.0,0.0
automatizado,0.0,0.0
automatizada,0.0,0.0
avaliacao,0.0,0.0
automacao,0.0,0.0
atualmente,0.0,0.0
atualizado,0.0,0.0
atual,0.0,0.0
atraves,0.0,0.0
atrativo,0.0,0.0
avalia,0.0,0.0
avenida,0.0,0.0
cabo,0.0,0.0
baixo,0.0,0.0
bancario,0.0,0.0
bancarias,0.0,0.0
bancadas,0.0,0.0
bancada,0.0,0.0
balcoes,0.0,0.0
balcao,0.0,0.0
baixissimo,0.0,0.0
avenidas,0.0,0.0
baixa,0.0,0.0
bairros,0.0,0.0
bage,0.0,0.0
baby,0.0,0.0
azulejos,0.0,0.0
azenha,0.0,0.0
atras,0.0,0.0
atividades,0.0,0.0
atendimento,0.0,0.0
arejado,0.0,0.0
arquibancadas,0.0,0.0
armazenamento,0.0,0.0
armarios,0.0,0.0
armario,0.0,0.0
ares,0.0,0.0
arena,0.0,0.0
arejadas,0.0,0.0
atendida,0.0,0.0
arejada,0.0,0.0
areia,0.0,0.0
arborizado,0.0,0.0
arborizadas,0.0,0.0
arborizada,0.0,0.0
aranha,0.0,0.0
arquiteta,0.0,0.0
arquiteto,0.0,0.0
arredores,0.0,0.0
arte,0.0,0.0
artes,0.0,0.0
arvores,0.0,0.0
ary,0.0,0.0
assembleia,0.0,0.0
assim,0.0,0.0
assis,0.0,0.0
assunto,0.0,0.0
ate,0.0,0.0
atemporal,0.0,0.0
atende,0.0,0.0
atendemos,0.0,0.0
atendendo,0.0,0.0
atender,0.0,0.0
banco,0.0,0.0
bancos,0.0,0.0
banhada,0.0,0.0
bons,0.0,0.0
botao,0.0,0.0
botanico,0.0,0.0
bosco,0.0,0.0
borges,0.0,0.0
bordini,0.0,0.0
borda,0.0,0.0
bonito,0.0,0.0
blindex,0.0,0.0
bonita,0.0,0.0
bom,0.0,0.0
boemio,0.0,0.0
bocha,0.0,0.0
bocas,0.0,0.0
boa,0.0,0.0
boulevard,0.0,0.0
bourbom,0.0,0.0
bourbon,0.0,0.0
boutique,0.0,0.0
box,0.0,0.0
boxes,0.0,0.0
br,0.0,0.0
branco,0.0,0.0
brasil,0.0,0.0
brinquedoteca,0.0,0.0
btu,0.0,0.0
btus,0.0,0.0
busca,0.0,0.0
buscam,0.0,0.0
buscando,0.0,0.0
by,0.0,0.0
cabeceira,0.0,0.0
bloco,0.0,0.0
bistro,0.0,0.0
banho,0.0,0.0
barra,0.0,0.0
beira,0.0,0.0
beauty,0.0,0.0
batista,0.0,0.0
bastante,0.0,0.0
basta,0.0,0.0
barranco,0.0,0.0
bares,0.0,0.0
bike,0.0,0.0
barcos,0.0,0.0
barcelos,0.0,0.0
barbearia,0.0,0.0
barao,0.0,0.0
bar,0.0,0.0
banhos,0.0,0.0
belas,0.0,0.0
beleza,0.0,0.0
belissima,0.0,0.0
belo,0.0,0.0
belos,0.0,0.0
beneficio,0.0,0.0
beneficios,0.0,0.0
benjamin,0.0,0.0
benno,0.0,0.0
bento,0.0,0.0
bernaud,0.0,0.0
berta,0.0,0.0
biblioteca,0.0,0.0
bicicleta,0.0,0.0
bicicletario,0.0,0.0
bicicletas,0.0,0.0
big,0.0,0.0
gostaria,0.0,0.0
ideal,0.0,0.0
gostou,0.0,0.0
recuo,0.0,0.0
redor,0.0,0.0
redonda,0.0,0.0
redentor,0.0,0.0
rede,0.0,0.0
redario,0.0,0.0
recursos,0.0,0.0
recuado,0.0,0.0
referente,0.0,0.0
recepcao,0.0,0.0
recentemente,0.0,0.0
recem,0.0,0.0
recebimento,0.0,0.0
recebe,0.0,0.0
receba,0.0,0.0
referencia,0.0,0.0
reforma,0.0,0.0
recanto,0.0,0.0
reis,0.0,0.0
repaginado,0.0,0.0
remoto,0.0,0.0
remota,0.0,0.0
relaxar,0.0,0.0
relax,0.0,0.0
relacao,0.0,0.0
regional,0.0,0.0
reformada,0.0,0.0
regioes,0.0,0.0
refrigerador,0.0,0.0
reformas,0.0,0.0
reformados,0.0,0.0
reformado,0.0,0.0
reformadas,0.0,0.0
recantos,0.0,0.0
rebaixo,0.0,0.0
republica,0.0,0.0
quanto,0.0,0.0
quintana,0.0,0.0
quer,0.0,0.0
quente,0.0,0.0
quase,0.0,0.0
quartos,0.0,0.0
quarto,0.0,0.0
qualquer,0.0,0.0
quiosques,0.0,0.0
qualificando,0.0,0.0
quadras,0.0,0.0
quadrados,0.0,0.0
puro,0.0,0.0
pulmao,0.0,0.0
pucrs,0.0,0.0
quintino,0.0,0.0
quiser,0.0,0.0
rebaixe,0.0,0.0
real,0.0,0.0
rebaixamento,0.0,0.0
rebaixado,0.0,0.0
reaproveitamento,0.0,0.0
realmente,0.0,0.0
realizar,0.0,0.0
realidade,0.0,0.0
reais,0.0,0.0
quitado,0.0,0.0
raridade,0.0,0.0
rara,0.0,0.0
rapido,0.0,0.0
rampa,0.0,0.0
ramiro,0.0,0.0
rack,0.0,0.0
reparos,0.0,0.0
reserva,0.0,0.0
publicos,0.0,0.0
rotinas,0.0,0.0
rs,0.0,0.0
roupeiros,0.0,0.0
roupeiro,0.0,0.0
roupas,0.0,0.0
roupa,0.0,0.0
rotula,0.0,0.0
rotativo,0.0,0.0
ruas,0.0,0.0
rotativas,0.0,0.0
rossi,0.0,0.0
rosario,0.0,0.0
room,0.0,0.0
rooftop,0.0,0.0
roofs,0.0,0.0
rua,0.0,0.0
rubem,0.0,0.0
ronda,0.0,0.0
saloes,0.0,0.0
santana,0.0,0.0
santa,0.0,0.0
sancas,0.0,0.0
sanca,0.0,0.0
salvador,0.0,0.0
salso,0.0,0.0
salle,0.0,0.0
rustico,0.0,0.0
saidas,0.0,0.0
saida,0.0,0.0
saibro,0.0,0.0
saiba,0.0,0.0
saber,0.0,0.0
sabara,0.0,0.0
roof,0.0,0.0
rodoviaria,0.0,0.0
residence,0.0,0.0
retorno,0.0,0.0
reversivel,0.0,0.0
reversao,0.0,0.0
revelando,0.0,0.0
reunioes,0.0,0.0
reuniao,0.0,0.0
retratil,0.0,0.0
restaurantes,0.0,0.0
revertida,0.0,0.0
restaurante,0.0,0.0
responsavel,0.0,0.0
resort,0.0,0.0
residir,0.0,0.0
residenciais,0.0,0.0
residences,0.0,0.0
reverter,0.0,0.0
revertido,0.0,0.0
rodeado,0.0,0.0
riachuelo,0.0,0.0
rodapes,0.0,0.0
roda,0.0,0.0
rocha,0.0,0.0
ritter,0.0,0.0
riscos,0.0,0.0
ribeiro,0.0,0.0
revitalizado,0.0,0.0
revestida,0.0,0.0
revitalizada,0.0,0.0
revitalizacao,0.0,0.0
revestimentos,0.0,0.0
revestimento,0.0,0.0
revestido,0.0,0.0
revestidas,0.0,0.0
puc,0.0,0.0
publico,0.0,0.0
sarandi,0.0,0.0
ponto,0.0,0.0
porta,0.0,0.0
port,0.0,0.0
porem,0.0,0.0
porcelanato,0.0,0.0
pool,0.0,0.0
pontos,0.0,0.0
ponte,0.0,0.0
portarias,0.0,0.0
pombal,0.0,0.0
polo,0.0,0.0
poliesportivas,0.0,0.0
poliesportiva,0.0,0.0
polido,0.0,0.0
policia,0.0,0.0
portao,0.0,0.0
portas,0.0,0.0
pois,0.0,0.0
possiveis,0.0,0.0
posto,0.0,0.0
postes,0.0,0.0
possuindo,0.0,0.0
possui,0.0,0.0
possuem,0.0,0.0
possivel,0.0,0.0
possibilitando,0.0,0.0
porte,0.0,0.0
possibilidades,0.0,0.0
possibilidade,0.0,0.0
posicao,0.0,0.0
portoes,0.0,0.0
porteiro,0.0,0.0
porteira,0.0,0.0
poli,0.0,0.0
podera,0.0,0.0
potencial,0.0,0.0
pintura,0.0,0.0
pizza,0.0,0.0
pista,0.0,0.0
pisos,0.0,0.0
piso,0.0,0.0
piscinas,0.0,0.0
piratini,0.0,0.0
pintado,0.0,0.0
plana,0.0,0.0
pinheiro,0.0,0.0
pilotis,0.0,0.0
pilates,0.0,0.0
pias,0.0,0.0
pia,0.0,0.0
pets,0.0,0.0
placas,0.0,0.0
planalto,0.0,0.0
poder,0.0,0.0
pleno,0.0,0.0
podendo,0.0,0.0
podem,0.0,0.0
pode,0.0,0.0
poa,0.0,0.0
pne,0.0,0.0
plinio,0.0,0.0
playgrounds,0.0,0.0
planejada,0.0,0.0
playgroud,0.0,0.0
play,0.0,0.0
plaquetas,0.0,0.0
plantas,0.0,0.0
planejados,0.0,0.0
planejado,0.0,0.0
postos,0.0,0.0
poucas,0.0,0.0
pub,0.0,0.0
procurando,0.0,0.0
proporciona,0.0,0.0
pronto,0.0,0.0
pronta,0.0,0.0
profissional,0.0,0.0
profissionais,0.0,0.0
professor,0.0,0.0
procura,0.0,0.0
proporcionar,0.0,0.0
privilegio,0.0,0.0
privilegiada,0.0,0.0
privativas,0.0,0.0
privado,0.0,0.0
privada,0.0,0.0
priv,0.0,0.0
proporcionando,0.0,0.0
proposta,0.0,0.0
principal,0.0,0.0
provincia,0.0,0.0
proximos,0.0,0.0
proximidades,0.0,0.0
proximidade,0.0,0.0
proximas,0.0,0.0
proxima,0.0,0.0
prox,0.0,0.0
protecao,0.0,0.0
propostas,0.0,0.0
protasio,0.0,0.0
proprio,0.0,0.0
proprietarios,0.0,0.0
proprietario,0.0,0.0
proprietaria,0.0,0.0
propria,0.0,0.0
principalmente,0.0,0.0
principais,0.0,0.0
pouco,0.0,0.0
praticamente,0.0,0.0
preco,0.0,0.0
precisar,0.0,0.0
pre,0.0,0.0
pratos,0.0,0.0
prato,0.0,0.0
praticidades,0.0,0.0
pratica,0.0,0.0
predios,0.0,0.0
praia,0.0,0.0
pracinhas,0.0,0.0
pracinha,0.0,0.0
pracas,0.0,0.0
pra,0.0,0.0
poucos,0.0,0.0
predial,0.0,0.0
prefeitura,0.0,0.0
primeiro,0.0,0.0
prestar,0.0,0.0
primeira,0.0,0.0
prime,0.0,0.0
prezando,0.0,0.0
prevista,0.0,0.0
previsao,0.0,0.0
preto,0.0,0.0
presidente,0.0,0.0
preferir,0.0,0.0
preservado,0.0,0.0
preservada,0.0,0.0
preservacao,0.0,0.0
presentear,0.0,0.0
presenteando,0.0,0.0
presenca,0.0,0.0
santo,0.0,0.0
saude,0.0,0.0
pessoas,0.0,0.0
usb,0.0,0.0
util,0.0,0.0
uteis,0.0,0.0
usufruir,0.0,0.0
uso,0.0,0.0
usina,0.0,0.0
use,0.0,0.0
usado,0.0,0.0
utilizada,0.0,0.0
urbano,0.0,0.0
urbana,0.0,0.0
universidades,0.0,0.0
universidade,0.0,0.0
unisinos,0.0,0.0
uniritter,0.0,0.0
utilizacao,0.0,0.0
utilizado,0.0,0.0
umida,0.0,0.0
vargas,0.0,0.0
veiculo,0.0,0.0
vasco,0.0,0.0
varios,0.0,0.0
varias,0.0,0.0
variados,0.0,0.0
variado,0.0,0.0
valorizados,0.0,0.0
vai,0.0,0.0
valorizado,0.0,0.0
valorizada,0.0,0.0
valorizacao,0.0,0.0
valoriza,0.0,0.0
valor,0.0,0.0
vale,0.0,0.0
unidades,0.0,0.0
ultimo,0.0,0.0
veja,0.0,0.0
totalizando,0.0,0.0
tranquilo,0.0,0.0
tranquilas,0.0,0.0
tranquila,0.0,0.0
tradicionais,0.0,0.0
trabalho,0.0,0.0
trabalhar,0.0,0.0
torno,0.0,0.0
transformado,0.0,0.0
torneiras,0.0,0.0
torneira,0.0,0.0
tornar,0.0,0.0
tornando,0.0,0.0
torna,0.0,0.0
topo,0.0,0.0
transformada,0.0,0.0
transformados,0.0,0.0
ufrgs,0.0,0.0
triangulo,0.0,0.0
turistico,0.0,0.0
tubulacao,0.0,0.0
troca,0.0,0.0
tristeza,0.0,0.0
trilha,0.0,0.0
tribunal,0.0,0.0
trensurb,0.0,0.0
transformar,0.0,0.0
trazer,0.0,0.0
trazendo,0.0,0.0
trazem,0.0,0.0
trata,0.0,0.0
transportes,0.0,0.0
transformou,0.0,0.0
veiculos,0.0,0.0
velho,0.0,0.0
tomar,0.0,0.0
voltada,0.0,0.0
wc,0.0,0.0
way,0.0,0.0
watts,0.0,0.0
watsapp,0.0,0.0
wallig,0.0,0.0
voltado,0.0,0.0
volta,0.0,0.0
wenceslau,0.0,0.0
vizinhos,0.0,0.0
vizinho,0.0,0.0
vizinhanca,0.0,0.0
viva,0.0,0.0
vistas,0.0,0.0
visite,0.0,0.0
web,0.0,0.0
whasapp,0.0,0.0
visitar,0.0,0.0
wine,0.0,0.0
zero,0.0,0.0
zen,0.0,0.0
zeladoria,0.0,0.0
zelador,0.0,0.0
zaffari,0.0,0.0
zafari,0.0,0.0
wi,0.0,0.0
whastapp,0.0,0.0
whatssapp,0.0,0.0
whatssap,0.0,0.0
whatss,0.0,0.0
whatsap,0.0,0.0
whatsaap,0.0,0.0
whats,0.0,0.0
visitas,0.0,0.0
visitante,0.0,0.0
vem,0.0,0.0
ventilado,0.0,0.0
verde,0.0,0.0
ver,0.0,0.0
ventos,0.0,0.0
ventilados,0.0,0.0
ventiladores,0.0,0.0
ventilador,0.0,0.0
ventilada,0.0,0.0
verissimo,0.0,0.0
ventilacao,0.0,0.0
vendo,0.0,0.0
vendido,0.0,0.0
vende,0.0,0.0
venda,0.0,0.0
venancio,0.0,0.0
verdes,0.0,0.0
vestiario,0.0,0.0
virtual,0.0,0.0
view,0.0,0.0
vindo,0.0,0.0
vinculada,0.0,0.0
vinculacao,0.0,0.0
villa,0.0,0.0
vila,0.0,0.0
vigilancia,0.0,0.0
vieira,0.0,0.0
vestiarios,0.0,0.0
vidro,0.0,0.0
video,0.0,0.0
vicente,0.0,0.0
vias,0.0,0.0
viaduto,0.0,0.0
via,0.0,0.0
top,0.0,0.0
tomadas,0.0,0.0
saunas,0.0,0.0
silva,0.0,0.0
situado,0.0,0.0
site,0.0,0.0
sistemas,0.0,0.0
sistema,0.0,0.0
simplesmente,0.0,0.0
sim,0.0,0.0
silencioso,0.0,0.0
sky,0.0,0.0
silenciosa,0.0,0.0
silencio,0.0,0.0
significa,0.0,0.0
shoppings,0.0,0.0
shopping,0.0,0.0
shoping,0.0,0.0
skate,0.0,0.0
smart,0.0,0.0
sharing,0.0,0.0
solar,0.0,0.0
solteiro,0.0,0.0
solo,0.0,0.0
solida,0.0,0.0
solicite,0.0,0.0
solarium,0.0,0.0
solares,0.0,0.0
sol,0.0,0.0
so,0.0,0.0
sogipa,0.0,0.0
sofisticadas,0.0,0.0
sofas,0.0,0.0
sofa,0.0,0.0
socorro,0.0,0.0
sob,0.0,0.0
shop,0.0,0.0
sesc,0.0,0.0
somente,0.0,0.0
seguindo,0.0,0.0
semana,0.0,0.0
seletivo,0.0,0.0
seguro,0.0,0.0
segura,0.0,0.0
segundo,0.0,0.0
segunda,0.0,0.0
segue,0.0,0.0
semimobiliado,0.0,0.0
sede,0.0,0.0
secar,0.0,0.0
seca,0.0,0.0
sebastiao,0.0,0.0
scliar,0.0,0.0
saute,0.0,0.0
semi,0.0,0.0
seminovo,0.0,0.0
servido,0.0,0.0
separado,0.0,0.0
servicos,0.0,0.0
sertorio,0.0,0.0
serrat,0.0,0.0
serao,0.0,0.0
sera,0.0,0.0
separados,0.0,0.0
separadas,0.0,0.0
sempre,0.0,0.0
sentir,0.0,0.0
sensor,0.0,0.0
sensacao,0.0,0.0
senha,0.0,0.0
senador,0.0,0.0
senac,0.0,0.0
solucoes,0.0,0.0
sonho,0.0,0.0
toda,0.0,0.0
telefones,0.0,0.0
tendencias,0.0,0.0
tendencia,0.0,0.0
temperos,0.0,0.0
temperado,0.0,0.0
tematicos,0.0,0.0
televisao,0.0,0.0
telefone,0.0,0.0
teras,0.0,0.0
telas,0.0,0.0
telao,0.0,0.0
tela,0.0,0.0
teixeira,0.0,0.0
teen,0.0,0.0
teatro,0.0,0.0
tendo,0.0,0.0
terceira,0.0,0.0
taxa,0.0,0.0
terrea,0.0,0.0
tire,0.0,0.0
tirar,0.0,0.0
tipos,0.0,0.0
tipo,0.0,0.0
theater,0.0,0.0
teto,0.0,0.0
terracos,0.0,0.0
terceiro,0.0,0.0
terra,0.0,0.0
terminal,0.0,0.0
termico,0.0,0.0
termicas,0.0,0.0
tereza,0.0,0.0
teresopolis,0.0,0.0
taxi,0.0,0.0
tarso,0.0,0.0
sorteio,0.0,0.0
subsolo,0.0,0.0
supermercado,0.0,0.0
superior,0.0,0.0
super,0.0,0.0
sul,0.0,0.0
sujeitos,0.0,0.0
sujeito,0.0,0.0
sub,0.0,0.0
surpreenda,0.0,0.0
studios,0.0,0.0
strip,0.0,0.0
splits,0.0,0.0
split,0.0,0.0
space,0.0,0.0
souza,0.0,0.0
supermercados,0.0,0.0
surpreender,0.0,0.0
tarrago,0.0,0.0
tamanho,0.0,0.0
tarde,0.0,0.0
tanto,0.0,0.0
tanque,0.0,0.0
tampos,0.0,0.0
tampo,0.0,0.0
tamanhos,0.0,0.0
tais,0.0,0.0
sustentaveis,0.0,0.0
tag,0.0,0.0
tadeu,0.0,0.0
tabuao,0.0,0.0
taboao,0.0,0.0
tabelionato,0.0,0.0
sustentavel,0.0,0.0
pet,0.0,0.0
plano,0.0,0.0
pessoalmente,0.0,0.0
led,0.0,0.0
lerner,0.0,0.0
leopoldina,0.0,0.0
lenha,0.0,0.0
leitura,0.0,0.0
lei,0.0,0.0
legislativa,0.0,0.0
lavar,0.0,0.0
leva,0.0,0.0
lavagem,0.0,0.0
lavado,0.0,0.0
lava,0.0,0.0
laundry,0.0,0.0
lateral,0.0,0.0
laser,0.0,0.0
leste,0.0,0.0
liberdade,0.0,0.0
linhas,0.0,0.0
limpeza,0.0,0.0
line,0.0,0.0
lindos,0.0,0.0
lindoia,0.0,0.0
lindo,0.0,0.0
lindissimo,0.0,0.0
lindas,0.0,0.0
lima,0.0,0.0
licenciada,0.0,0.0
ligue,0.0,0.0
ligam,0.0,0.0
ligacao,0.0,0.0
life,0.0,0.0
licenciados,0.0,0.0
licenciado,0.0,0.0
largo,0.0,0.0
lar,0.0,0.0
lances,0.0,0.0
jeronimo,0.0,0.0
julio,0.0,0.0
judiciaria,0.0,0.0
judas,0.0,0.0
juca,0.0,0.0
jose,0.0,0.0
joao,0.0,0.0
jeito,0.0,0.0
lance,0.0,0.0
jardins,0.0,0.0
jardim,0.0,0.0
janelas,0.0,0.0
janelao,0.0,0.0
janela,0.0,0.0
jaime,0.0,0.0
juncker,0.0,0.0
junker,0.0,0.0
junkers,0.0,0.0
junto,0.0,0.0
juridico,0.0,0.0
justica,0.0,0.0
justo,0.0,0.0
juvenil,0.0,0.0
km,0.0,0.0
lados,0.0,0.0
lago,0.0,0.0
laje,0.0,0.0
lajes,0.0,0.0
laminado,0.0,0.0
lan,0.0,0.0
lanca,0.0,0.0
lancamento,0.0,0.0
linha,0.0,0.0
lista,0.0,0.0
medidas,0.0,0.0
maquina,0.0,0.0
marechal,0.0,0.0
marco,0.0,0.0
marcar,0.0,0.0
maravilhoso,0.0,0.0
maravilhosa,0.0,0.0
pessoais,0.0,0.0
manutencoes,0.0,0.0
marinha,0.0,0.0
manutencao,0.0,0.0
manta,0.0,0.0
manoel,0.0,0.0
manha,0.0,0.0
maiores,0.0,0.0
mail,0.0,0.0
mariland,0.0,0.0
mario,0.0,0.0
litoral,0.0,0.0
matriz,0.0,0.0
medicao,0.0,0.0
medianeira,0.0,0.0
media,0.0,0.0
medeiros,0.0,0.0
mdf,0.0,0.0
maximo,0.0,0.0
matinais,0.0,0.0
marista,0.0,0.0
material,0.0,0.0
materiais,0.0,0.0
mata,0.0,0.0
mascarenhas,0.0,0.0
marques,0.0,0.0
marque,0.0,0.0
magnifico,0.0,0.0
mae,0.0,0.0
madeira,0.0,0.0
locais,0.0,0.0
loft,0.0,0.0
locomocao,0.0,0.0
locar,0.0,0.0
localizada,0.0,0.0
localidade,0.0,0.0
local,0.0,0.0
locado,0.0,0.0
machado,0.0,0.0
locacoes,0.0,0.0
locacao,0.0,0.0
lobby,0.0,0.0
lo,0.0,0.0
livre,0.0,0.0
liv,0.0,0.0
logo,0.0,0.0
loja,0.0,0.0
lojas,0.0,0.0
lotacao,0.0,0.0
lotacoes,0.0,0.0
loterica,0.0,0.0
loucas,0.0,0.0
loureiro,0.0,0.0
lucas,0.0,0.0
lugares,0.0,0.0
luis,0.0,0.0
luiz,0.0,0.0
luminarias,0.0,0.0
luminosidade,0.0,0.0
luxuoso,0.0,0.0
luz,0.0,0.0
luzes,0.0,0.0
ja,0.0,0.0
ivo,0.0,0.0
itu,0.0,0.0
igreja,0.0,0.0
iluminadas,0.0,0.0
iluminada,0.0,0.0
iluminacao,0.0,0.0
ijui,0.0,0.0
ii,0.0,0.0
igual,0.0,0.0
idealizado,0.0,0.0
iluminados,0.0,0.0
zona,0.0,0.0
icarai,0.0,0.0
humaita,0.0,0.0
hub,0.0,0.0
hs,0.0,0.0
hrs,0.0,0.0
iluminado,0.0,0.0
ilustrativas,0.0,0.0
itens,0.0,0.0
impecavel,0.0,0.0
incluindo,0.0,0.0
incluido,0.0,0.0
inclui,0.0,0.0
incendio,0.0,0.0
importante,0.0,0.0
imperdivel,0.0,0.0
impar,0.0,0.0
imagine,0.0,0.0
imovel,0.0,0.0
imoveis,0.0,0.0
imobiliario,0.0,0.0
imobiliaria,0.0,0.0
imediata,0.0,0.0
imediacoes,0.0,0.0
hps,0.0,0.0
house,0.0,0.0
hotel,0.0,0.0
gremio,0.0,0.0
harmonia,0.0,0.0
habitado,0.0,0.0
guarida,0.0,0.0
guarda,0.0,0.0
grupo,0.0,0.0
ground,0.0,0.0
grandes,0.0,0.0
hoteis,0.0,0.0
grande,0.0,0.0
grand,0.0,0.0
gradil,0.0,0.0
grades,0.0,0.0
gradeado,0.0,0.0
governo,0.0,0.0
hidraulica,0.0,0.0
hill,0.0,0.0
hipermercado,0.0,0.0
hipermercados,0.0,0.0
historico,0.0,0.0
hoje,0.0,0.0
home,0.0,0.0
hora,0.0,0.0
horario,0.0,0.0
horas,0.0,0.0
horizontal,0.0,0.0
horta,0.0,0.0
hortalicas,0.0,0.0
hortas,0.0,0.0
hospitais,0.0,0.0
hospital,0.0,0.0
hospitalar,0.0,0.0
inclusive,0.0,0.0
inclusos,0.0,0.0
incorporador,0.0,0.0
intermediario,0.0,0.0
intimas,0.0,0.0
internos,0.0,0.0
interno,0.0,0.0
internet,0.0,0.0
internas,0.0,0.0
interna,0.0,0.0
interior,0.0,0.0
integrar,0.0,0.0
interfone,0.0,0.0
interesse,0.0,0.0
intenso,0.0,0.0
intensa,0.0,0.0
inteligentes,0.0,0.0
inteligente,0.0,0.0
inumeras,0.0,0.0
inverno,0.0,0.0
inverter,0.0,0.0
investidor,0.0,0.0
investidores,0.0,0.0
investimento,0.0,0.0
investir,0.0,0.0
ipanema,0.0,0.0
ipe,0.0,0.0
ipiranga,0.0,0.0
iptu,0.0,0.0
ira,0.0,0.0
irao,0.0,0.0
iremos,0.0,0.0
isolamento,0.0,0.0
israelita,0.0,0.0
italia,0.0,0.0
inteiro,0.0,0.0
integrando,0.0,0.0
incrivel,0.0,0.0
individualizada,0.0,0.0
infantil,0.0,0.0
ines,0.0,0.0
indoor,0.0,0.0
indo,0.0,0.0
individualizados,0.0,0.0
individualizado,0.0,0.0
individual,0.0,0.0
integrados,0.0,0.0
indicados,0.0,0.0
indicado,0.0,0.0
indicada,0.0,0.0
indevassavel,0.0,0.0
independente,0.0,0.0
independencia,0.0,0.0
inferior,0.0,0.0
infinita,0.0,0.0
informacao,0.0,0.0
infra,0.0,0.0
inox,0.0,0.0
inquilino,0.0,0.0
inspirado,0.0,0.0
instalacao,0.0,0.0
instalacoes,0.0,0.0
instalada,0.0,0.0
instaladas,0.0,0.0
instalado,0.0,0.0
instalados,0.0,0.0
instituto,0.0,0.0
integra,0.0,0.0
integradas,0.0,0.0
integrado,0.0,0.0
medida,0.0,0.0
00,0.0,0.0
medidor,0.0,0.0
outras,0.0,0.0
original,0.0,0.0
originalmente,0.0,0.0
orla,0.0,0.0
oscar,0.0,0.0
osso,0.0,0.0
osvaldo,0.0,0.0
otima,0.0,0.0
otimas,0.0,0.0
otimizacao,0.0,0.0
otimo,0.0,0.0
otimos,0.0,0.0
otto,0.0,0.0
outdoor,0.0,0.0
outra,0.0,0.0
outro,0.0,0.0
organizado,0.0,0.0
outros,0.0,0.0
outubro,0.0,0.0
padaria,0.0,0.0
padarias,0.0,0.0
padre,0.0,0.0
pagina,0.0,0.0
painel,0.0,0.0
paisagismo,0.0,0.0
paisagistico,0.0,0.0
palacio,0.0,0.0
panamericana,0.0,0.0
panoramica,0.0,0.0
panoramico,0.0,0.0
panvel,0.0,0.0
orientacao,0.0,0.0
organica,0.0,0.0
nova,0.0,0.0
oferta,0.0,0.0
novo,0.0,0.0
novos,0.0,0.0
numero,0.0,0.0
nunca,0.0,0.0
obra,0.0,0.0
obras,0.0,0.0
obs,0.0,0.0
obtenha,0.0,0.0
ocasiao,0.0,0.0
oeste,0.0,0.0
oferece,0.0,0.0
oferecem,0.0,0.0
oferecendo,0.0,0.0
oferecer,0.0,0.0
ofertas,0.0,0.0
ordem,0.0,0.0
office,0.0,0.0
ofuro,0.0,0.0
ok,0.0,0.0
olhar,0.0,0.0
medindo,0.0,0.0
olimpico,0.0,0.0
oliveira,0.0,0.0
on,0.0,0.0
ondas,0.0,0.0
online,0.0,0.0
opcao,0.0,0.0
opcoes,0.0,0.0
open,0.0,0.0
oportunidade,0.0,0.0
parada,0.0,0.0
paradas,0.0,0.0
parede,0.0,0.0
perfil,0.0,0.0
pedro,0.0,0.0
pega,0.0,0.0
pena,0.0,0.0
pensado,0.0,0.0
pensando,0.0,0.0
pequena,0.0,0.0
pequeno,0.0,0.0
pequenos,0.0,0.0
per,0.0,0.0
perca,0.0,0.0
pereira,0.0,0.0
perene,0.0,0.0
perfeita,0.0,0.0
perfeitamente,0.0,0.0
pergolado,0.0,0.0
paredes,0.0,0.0
perimetral,0.0,0.0
permanece,0.0,0.0
permanecem,0.0,0.0
permanente,0.0,0.0
permite,0.0,0.0
permitem,0.0,0.0
permuta,0.0,0.0
persiana,0.0,0.0
personalizacao,0.0,0.0
personalizada,0.0,0.0
personalizado,0.0,0.0
pertinho,0.0,0.0
perto,0.0,0.0
pessoa,0.0,0.0
pedras,0.0,0.0
pedra,0.0,0.0
pedestres,0.0,0.0
pecas,0.0,0.0
park,0.0,0.0
parques,0.0,0.0
parquet,0.0,0.0
parrilla,0.0,0.0
partenon,0.0,0.0
partes,0.0,0.0
particular,0.0,0.0
particulares,0.0,0.0
partir,0.0,0.0
paseo,0.0,0.0
passa,0.0,0.0
passagem,0.0,0.0
passando,0.0,0.0
passear,0.0,0.0
passeio,0.0,0.0
passeios,0.0,0.0
passo,0.0,0.0
pastilha,0.0,0.0
pastilhado,0.0,0.0
pastor,0.0,0.0
patio,0.0,0.0
patios,0.0,0.0
patria,0.0,0.0
patrocinio,0.0,0.0
paulo,0.0,0.0
pavimento,0.0,0.0
pay,0.0,0.0
pe,0.0,0.0
peca,0.0,0.0
novas,0.0,0.0
olhos,0.0,0.0
mundo,0.0,0.0
mts,0.0,0.0
moto,0.0,0.0
moveis,0.0,0.0
movel,0.0,0.0
mq,0.0,0.0
mini,0.0,0.0
min,0.0,0.0
militar,0.0,0.0
milano,0.0,0.0
mil,0.0,0.0
miguel,0.0,0.0
microondas,0.0,0.0
nacional,0.0,0.0
mucio,0.0,0.0
muita,0.0,0.0
muitas,0.0,0.0
micro,0.0,0.0
mgus,0.0,0.0
muitos,0.0,0.0
mezanino,0.0,0.0
mexico,0.0,0.0
multiuso,0.0,0.0
metropolitana,0.0,0.0
minimos,0.0,0.0
morros,0.0,0.0
morro,0.0,0.0
minutos,0.0,0.0
modernos,0.0,0.0
monitoramento,0.0,0.0
modernizado,0.0,0.0
montado,0.0,0.0
modernas,0.0,0.0
montados,0.0,0.0
modelo,0.0,0.0
moradia,0.0,0.0
morador,0.0,0.0
mobilidade,0.0,0.0
mobiliario,0.0,0.0
moraes,0.0,0.0
mobiliados,0.0,0.0
mobiliadas,0.0,0.0
morando,0.0,0.0
mobiliada,0.0,0.0
mobilia,0.0,0.0
mobilado,0.0,0.0
more,0.0,0.0
moacyr,0.0,0.0
mm,0.0,0.0
molhadas,0.0,0.0
monitorado,0.0,0.0
nada,0.0,0.0
metro,0.0,0.0
melnick,0.0,0.0
melhores,0.0,0.0
negociacao,0.0,0.0
negocio,0.0,0.0
meios,0.0,0.0
nele,0.0,0.0
meio,0.0,0.0
nesta,0.0,0.0
neste,0.0,0.0
niemeyer,0.0,0.0
meia,0.0,0.0
medplex,0.0,0.0
nivel,0.0,0.0
noite,0.0,0.0
nome,0.0,0.0
nonoai,0.0,0.0
normas,0.0,0.0
norte,0.0,0.0
noturna,0.0,0.0
medio,0.0,0.0
noturno,0.0,0.0
memorial,0.0,0.0
menor,0.0,0.0
mensagem,0.0,0.0
mercados,0.0,0.0
nao,0.0,0.0
metragem,0.0,0.0
nardon,0.0,0.0
nascente,0.0,0.0
metais,0.0,0.0
mesma,0.0,0.0
mesa,0.0,0.0
mes,0.0,0.0
mercado,0.0,0.0
mentz,0.0,0.0
nautico,0.0,0.0
necessidade,0.0,0.0
mensal,0.0,0.0
necessita,0.0,0.0
agende,-5.677780023916057e-07,2.0212917247569706e-05
exclusividade,-7.860017698924082e-07,0.00011607155596718386
descoberta,-1.375894107291664e-06,1.0003750067174724e-05
desocupado,-2.370958712849536e-06,5.742346168662693e-05
convivio,-2.94098318467384e-06,6.741982192292756e-06
tambem,-2.9751944670808326e-06,6.372696277464104e-05
gas,-3.302874455357596e-06,0.00012601837914934122
higienopolis,-4.1840067203091635e-06,1.909272015504117e-05
aberta,-5.133077860630664e-06,8.64495126167434e-06
textura,-7.043122821803749e-06,3.0873661446300056e-05
sao,-7.339315018106696e-06,0.0002720460879122444
hidro,-8.147518495138505e-06,0.0003230066111417707
abertura,-8.831145153598285e-06,3.3006359735034006e-05
residencial,-1.0396065751638871e-05,1.3373888610286433e-05
todo,-1.1592768537860288e-05,7.425983099822755e-06
integrada,-1.1884044459731236e-05,4.618921333759645e-05
charme,-1.2326837783982469e-05,2.4202168297612574e-05
arejados,-1.2417912236717399e-05,3.996764307738048e-05
enorme,-1.257760482138437e-05,2.2222850754940117e-05
necessidades,-1.336470062249795e-05,4.133766134113264e-06
la,-1.3449049613356578e-05,3.917176785671241e-05
alem,-1.4753973258474495e-05,2.684275990034653e-05
pavimentos,-1.5415789316963746e-05,2.131363509197879e-05
climatizado,-1.542189210130829e-05,1.1363653348537845e-05
localiza,-1.624526432295603e-05,4.9273079952527116e-05
projetados,-1.7258020865029698e-05,4.187633001483659e-05
pastilhas,-1.830119249388584e-05,7.56525184360789e-05
tempo,-2.1596465909401454e-05,3.230616959162119e-05
cftv,-2.164465547251915e-05,3.0931027244516036e-05
passos,-2.1991922994057943e-05,1.4729536357337942e-05
praca,-2.2893341737728613e-05,1.4693050153803104e-05
porto,-2.3361891733397754e-05,8.83692749880922e-05
moradores,-2.512833945056414e-05,0.0
oportunidades,-2.5471912557861742e-05,2.1552511757329926e-05
momentos,-2.593243653430388e-05,9.52808089170779e-05
esperas,-2.596694687007073e-05,0.00011243879501249096
total,-2.808122454114326e-05,9.355919854229466e-06
conforto,-2.886717365848668e-05,0.00010338454831892583
morar,-3.067714314739511e-05,6.094539844794855e-05
distribuido,-3.135780415037814e-05,1.6034305699882854e-05
salas,-3.317967062941296e-05,4.130561285542679e-05
independentes,-3.552105543056516e-05,4.1450384962733834e-05
melhor,-3.844880270804651e-05,2.1098918202884606e-05
energia,-3.9904104470611655e-05,9.263944991898536e-05
inovador,-4.013987077506886e-05,3.478129780771999e-05
mont,-4.0397254250157386e-05,0.00023125667821986284
linda,-4.1027006289073854e-05,2.042881225301081e-05
feito,-4.627969427855039e-05,3.33521703535569e-05
deslumbrante,-4.9845092118028234e-05,1.0051687404464434e-05
torres,-5.0226364761396526e-05,4.8771387886875524e-05
nesse,-5.804121738517409e-05,4.952496726398837e-05
fixos,-5.827238426170389e-05,4.579551239813681e-05
projetado,-5.891421839303579e-05,4.239956836263853e-05
campo,-6.4950375392403e-05,2.9237192416773576e-05
espacos,-7.254438286001808e-05,7.908161954448151e-05
predio,-7.300210239937765e-05,0.0005717727800404927
fazem,-7.651467684222091e-05,0.0005636421013200243
cercado,-7.941975852334692e-05,9.546896783796528e-05
nativa,-8.321578630614557e-05,5.4476035226122514e-05
jantar,-8.56982594716893e-05,0.000565998748605101
bosque,-8.777333667528975e-05,0.00017691088749961968
fachada,-9.064896619954687e-05,2.1097078569631454e-05
persianas,-9.453851716574313e-05,0.00019360279147355005
contato,-9.571939083947711e-05,5.311256193651485e-05
individuais,-9.71945218042558e-05,6.775465379139598e-05
ampla,-0.00010174863568017667,0.00010648287257030922
banheiro,-0.0001070340924029134,0.00017623050723677508
condicoes,-0.00010729627536338881,2.7990846550363105e-06
precisa,-0.00011051116488893786,3.1095138485282974e-05
cenario,-0.00011328997477249026,3.896009410799815e-05
diferenciado,-0.00011456734673032098,4.259392113232346e-05
moderno,-0.0001179900862924521,0.00013296192540200854
contemporanea,-0.00011875885302647937,7.74107062162162e-05
marmore,-0.00011899443297311852,0.0004355054776754319
permitindo,-0.00011904740826262916,3.60786011138486e-05
pvc,-0.00012299359087959428,4.2107604276531836e-05
raia,-0.00012791867466841467,8.192035042506046e-05
natural,-0.00014201340392314688,8.677788250334678e-05
belissimo,-0.00014201567549911864,0.0005200940630480587
finamente,-0.0001531136192283844,0.00028138553858833137
whatsapp,-0.0001533272450539247,0.00011852901220944564
integracao,-0.00015854089685192197,0.00016290930969758405
parque,-0.00015862192825197852,4.730335053632592e-05
convivencia,-0.00016055346543843995,5.459771119628906e-05
venha,-0.0001695870112102149,4.376432551617626e-05
pecanha,-0.00017775384481728552,0.00013083706071370703
gourmet,-0.00019145935660878078,0.00013859351141490143
espaco,-0.0002214034003819476,0.00015193439066464
garagem,-0.0002234689449422289,0.0005950216210807511
experiencia,-0.0002306443402972036,0.0001935221930459021
nilo,-0.00025007227715663217,0.00011777219446566822
frente,-0.0002606687842449329,0.00013292472609821083
tudo,-0.00026826605067085116,0.0001074691267113998
onde,-0.0003447849021841476,8.967824395960462e-05
20,-0.00035198658375932277,0.0001918566063715502
04,-0.00039766913448922023,2.929420322648436e-05
privativo,-0.00045760419489890845,0.00020963530892687972
luxo,-0.0005094446312917889,0.0009769451244666884
americana,-0.0005477640711774257,0.0004828569416152986
lavanderia,-0.0006177731568482558,0.00024546153010365134
exclusivo,-0.0006464195113977001,9.376541563349428e-05
lugar,-0.0007285069304608039,0.0001471321615220537
03,-0.0007941538328840592,0.0005498639894736383
carlos,-0.0008027747104598637,0.00023209034359720603
mao,-0.0010720169078678899,8.494248058156327e-05
sofisticado,-0.0017387978371251167,0.00017460530040056335
voce,-0.004942798478055943,0.0004460955314081071
maior,-0.005259608166906582,0.0007583916216863125
